id,complexity,kind,gold_count,requested_count,constraint_count,year_from,year_to,year_span,exact_year,rating_type,has_votes,has_runtime,bridge_key,gold_completeness,evidence_distinct_titles,evidence_max_per_title,query_text_ru,query_text_en
movie_l1_0005,L1,short_film,26,5,2,,,,False,rating_max,False,False,no_bridge,may_be_incomplete_due_to_wdqs,,,"Назови 5 короткометражных фильмов, с рейтингом IMDb не выше 4.5.",Name 5 short films with IMDb rating at most 4.5.
movie_l1_0006,L1,film,48,5,3,,,,False,rating_min,False,False,no_bridge,may_be_incomplete_due_to_wdqs,,,"Назови 5 полнометражных фильмов, с рейтингом IMDb не ниже 8.0.",Name 5 feature films with IMDb rating at least 8.0.
movie_l1_0012,L1,short_film,20,5,3,2010.0,2020.0,10.0,False,no_rating,False,False,no_bridge,may_be_incomplete_due_to_wdqs,,,"Назови 5 короткометражных фильмов, в период 2010–2020 годов.",Name 5 short films from 2010 to 2020.
movie_l1_0015,L1,film,23,5,3,,,,False,rating_max,False,False,no_bridge,may_be_incomplete_due_to_wdqs,,,"Назови 5 полнометражных фильмов, с рейтингом IMDb не выше 4.5.",Name 5 feature films with IMDb rating at most 4.5.
movie_l2_0021,L2,film,25,5,5,,,,False,rating_max,False,True,no_bridge,may_be_incomplete_due_to_wdqs,,,"Назови 5 полнометражных фильмов, с рейтингом IMDb не выше 5.5, длительностью 100–180 минут.","Name 5 feature films with IMDb rating at most 5.5, with runtime between 100 and 180 minutes."
movie_l2_0022,L2,film,26,5,5,1980.0,1999.0,19.0,False,rating_min,False,False,no_bridge,may_be_incomplete_due_to_wdqs,,,"Назови 5 полнометражных фильмов, в период 1980–1999 годов, с рейтингом IMDb не ниже 7.5.","Name 5 feature films from 1980 to 1999, with IMDb rating at least 7.5."
movie_l2_0023,L2,film,47,5,4,,,,False,rating_max,False,False,no_bridge,may_be_incomplete_due_to_wdqs,,,"Назови 5 полнометражных фильмов, жанра «триллер», с рейтингом IMDb не выше 4.5.","Name 5 feature films with genre ""thriller"", with IMDb rating at most 4.5."
movie_l2_0024,L2,animated_film,12,5,4,,,,False,rating_min,False,False,no_bridge,not_truncated,,,"Назови 5 мультфильмов, жанра «боевик», с рейтингом IMDb не ниже 8.0.","Name 5 animated films with genre ""action"", with IMDb rating at least 8.0."
movie_l2_0025,L2,film,44,5,5,,,,False,rating_min,True,True,no_bridge,may_be_incomplete_due_to_wdqs,,,"Назови 5 полнометражных фильмов, с рейтингом IMDb не ниже 7.0, с не менее чем 10000 голосами на IMDb, длительностью не более 120 минут.","Name 5 feature films with IMDb rating at least 7.0, with at least 10000 IMDb votes, with runtime at most 120 minutes."
movie_l2_0026,L2,tv_series,15,5,4,2010.0,2020.0,10.0,False,rating_max,False,False,no_bridge,may_be_incomplete_due_to_wdqs,,,"Назови 5 сериалов, в период 2010–2020 годов, с рейтингом IMDb не выше 5.5.","Name 5 TV series from 2010 to 2020, with IMDb rating at most 5.5."
movie_l2_0027,L2,animated_film,13,5,5,2010.0,2020.0,10.0,False,rating_min,False,False,no_bridge,may_be_incomplete_due_to_wdqs,,,"Назови 5 мультфильмов, в период 2010–2020 годов, с рейтингом IMDb не ниже 7.5.","Name 5 animated films from 2010 to 2020, with IMDb rating at least 7.5."
movie_l2_0028,L2,animated_film,36,5,5,1980.0,1999.0,19.0,False,rating_max,False,False,no_bridge,may_be_incomplete_due_to_wdqs,,,"Назови 5 мультфильмов, в период 1980–1999 годов, с рейтингом IMDb не выше 6.0.","Name 5 animated films from 1980 to 1999, with IMDb rating at most 6.0."
movie_l2_0029,L2,animated_film,45,5,4,,,,False,no_rating,False,True,no_bridge,not_truncated,,,"Назови 5 мультфильмов, жанра «фильм ужасов», длительностью не более 120 минут.","Name 5 animated films with genre ""horror"", with runtime at most 120 minutes."
movie_l2_0030,L2,animated_film,29,5,5,,,,False,rating_max,False,True,no_bridge,may_be_incomplete_due_to_wdqs,,,"Назови 5 мультфильмов, с рейтингом IMDb не выше 4.5, длительностью 60–120 минут.","Name 5 animated films with IMDb rating at most 4.5, with runtime between 60 and 120 minutes."
movie_l2_0031,L2,short_film,25,5,4,2010.0,2020.0,10.0,False,no_rating,False,False,no_bridge,may_be_incomplete_due_to_wdqs,,,"Назови 5 короткометражных фильмов, жанра «документальное кино», в период 2010–2020 годов.","Name 5 short films with genre ""documentary"", from 2010 to 2020."
movie_l2_0034,L2,tv_series,16,5,4,2010.0,2020.0,10.0,False,no_rating,False,False,no_bridge,not_truncated,,,"Назови 5 сериалов, жанра «научная фантастика», в период 2010–2020 годов.","Name 5 TV series with genre ""sci-fi"", from 2010 to 2020."
movie_l2_0038,L2,short_film,14,5,4,1980.0,1999.0,19.0,False,no_rating,False,False,no_bridge,not_truncated,,,"Назови 5 короткометражных фильмов, жанра «научная фантастика», в период 1980–1999 годов.","Name 5 short films with genre ""sci-fi"", from 1980 to 1999."
movie_l2_0039,L2,short_film,5,5,3,,,,False,rating_max,False,False,no_bridge,not_truncated,,,"Назови 5 короткометражных фильмов, жанра «научная фантастика», с рейтингом IMDb не выше 5.0.","Name 5 short films with genre ""sci-fi"", with IMDb rating at most 5.0."
movie_l2_0040,L2,tv_series,38,5,4,,,,False,rating_min,True,False,no_bridge,may_be_incomplete_due_to_wdqs,,,"Назови 5 сериалов, жанра «драма», с рейтингом IMDb не ниже 6.0, с не менее чем 25000 голосами на IMDb.","Name 5 TV series with genre ""drama"", with IMDb rating at least 6.0, with at least 25000 IMDb votes."
movie_l2_0041,L2,animated_film,32,5,5,1990.0,2009.0,19.0,False,rating_max,False,False,no_bridge,may_be_incomplete_due_to_wdqs,,,"Назови 5 мультфильмов, в период 1990–2009 годов, с рейтингом IMDb не выше 5.0.","Name 5 animated films from 1990 to 2009, with IMDb rating at most 5.0."
movie_l2_0042,L2,animated_film,19,5,5,2015.0,2025.0,10.0,False,no_rating,False,False,no_bridge,not_truncated,,,"Назови 5 мультфильмов, жанра «криминальный фильм», в период 2015–2025 годов.","Name 5 animated films with genre ""crime"", from 2015 to 2025."
movie_l2_0045,L2,film,14,5,5,1990.0,2009.0,19.0,False,rating_max,False,False,no_bridge,may_be_incomplete_due_to_wdqs,,,"Назови 5 полнометражных фильмов, в период 1990–2009 годов, с рейтингом IMDb не выше 5.0.","Name 5 feature films from 1990 to 2009, with IMDb rating at most 5.0."
movie_l2_0047,L2,short_film,22,5,4,1980.0,1999.0,19.0,False,no_rating,False,False,no_bridge,not_truncated,,,"Назови 5 короткометражных фильмов, жанра «фильм ужасов», в период 1980–1999 годов.","Name 5 short films with genre ""horror"", from 1980 to 1999."
movie_l3_0051,L3,animated_film,22,5,6,2000.0,2015.0,15.0,False,rating_max,True,False,no_bridge,may_be_incomplete_due_to_wdqs,,,"Назови 5 мультфильмов, в период 2000–2015 годов, с рейтингом IMDb не выше 6.0, с не менее чем 10000 голосами на IMDb.","Name 5 animated films from 2000 to 2015, with IMDb rating at most 6.0, with at least 10000 IMDb votes."
movie_l3_0052,L3,tv_series,12,5,5,2000.0,2015.0,15.0,False,rating_min,False,False,no_bridge,not_truncated,,,"Назови 5 сериалов, жанра «научная фантастика», в период 2000–2015 годов, с рейтингом IMDb не ниже 6.5.","Name 5 TV series with genre ""sci-fi"", from 2000 to 2015, with IMDb rating at least 6.5."
movie_l3_0053,L3,animated_film,8,5,6,2000.0,2015.0,15.0,False,no_rating,True,False,no_bridge,not_truncated,,,"Назови 5 мультфильмов, жанра «криминальный фильм», в период 2000–2015 годов, с не менее чем 3000 голосами на IMDb.","Name 5 animated films with genre ""crime"", from 2000 to 2015, with at least 3000 IMDb votes."
movie_l3_0055,L3,tv_series,16,5,5,1990.0,2009.0,19.0,False,no_rating,True,False,no_bridge,not_truncated,,,"Назови 5 сериалов, жанра «боевик», в период 1990–2009 годов, с не менее чем 500 голосами на IMDb.","Name 5 TV series with genre ""action"", from 1990 to 2009, with at least 500 IMDb votes."
movie_l3_0057,L3,film,26,5,5,,,,False,rating_min,False,True,no_bridge,may_be_incomplete_due_to_wdqs,,,"Назови 5 полнометражных фильмов, жанра «научная фантастика», с рейтингом IMDb не ниже 8.0, длительностью не менее 90 минут.","Name 5 feature films with genre ""sci-fi"", with IMDb rating at least 8.0, with runtime at least 90 minutes."
movie_l3_0058,L3,film,12,5,6,1990.0,2009.0,19.0,False,no_rating,True,False,no_bridge,may_be_incomplete_due_to_wdqs,,,"Назови 5 полнометражных фильмов, жанра «документальное кино», в период 1990–2009 годов, с не менее чем 50000 голосами на IMDb.","Name 5 feature films with genre ""documentary"", from 1990 to 2009, with at least 50000 IMDb votes."
movie_l3_0060,L3,animated_film,25,5,6,2010.0,2020.0,10.0,False,rating_min,True,False,no_bridge,may_be_incomplete_due_to_wdqs,,,"Назови 5 мультфильмов, в период 2010–2020 годов, с рейтингом IMDb не ниже 6.5, с не менее чем 50000 голосами на IMDb.","Name 5 animated films from 2010 to 2020, with IMDb rating at least 6.5, with at least 50000 IMDb votes."
movie_l3_0061,L3,film,40,5,5,,,,False,rating_min,False,True,no_bridge,may_be_incomplete_due_to_wdqs,,,"Назови 5 полнометражных фильмов, жанра «драма», с рейтингом IMDb не ниже 8.0, длительностью не более 120 минут.","Name 5 feature films with genre ""drama"", with IMDb rating at least 8.0, with runtime at most 120 minutes."
movie_l3_0063,L3,animated_film,7,5,6,1980.0,1999.0,19.0,False,rating_max,False,False,no_bridge,not_truncated,,,"Назови 5 мультфильмов, жанра «научная фантастика», в период 1980–1999 годов, с рейтингом IMDb не выше 6.0.","Name 5 animated films with genre ""sci-fi"", from 1980 to 1999, with IMDb rating at most 6.0."
movie_l3_0064,L3,film,15,5,5,,,,False,rating_max,True,True,no_bridge,may_be_incomplete_due_to_wdqs,,,"Назови 5 полнометражных фильмов, с рейтингом IMDb не выше 5.5, с не менее чем 25000 голосами на IMDb, длительностью не менее 90 минут.","Name 5 feature films with IMDb rating at most 5.5, with at least 25000 IMDb votes, with runtime at least 90 minutes."
movie_l3_0068,L3,film,25,5,6,2010.0,2020.0,10.0,False,rating_min,False,False,no_bridge,may_be_incomplete_due_to_wdqs,,,"Назови 5 полнометражных фильмов, жанра «криминальный фильм», в период 2010–2020 годов, с рейтингом IMDb не ниже 7.0.","Name 5 feature films with genre ""crime"", from 2010 to 2020, with IMDb rating at least 7.0."
movie_l3_0069,L3,tv_series,12,5,3,,,,False,rating_max,False,False,no_bridge,may_be_incomplete_due_to_wdqs,,,"Назови 5 сериалов, жанра «документальное кино», с рейтингом IMDb не выше 5.0.","Name 5 TV series with genre ""documentary"", with IMDb rating at most 5.0."
movie_l3_0072,L3,tv_series,8,5,5,1990.0,2009.0,19.0,False,rating_max,True,False,no_bridge,may_be_incomplete_due_to_wdqs,,,"Назови 5 сериалов, в период 1990–2009 годов, с рейтингом IMDb не выше 6.0, с не менее чем 500 голосами на IMDb.","Name 5 TV series from 1990 to 2009, with IMDb rating at most 6.0, with at least 500 IMDb votes."
movie_l3_0074,L3,film,40,5,6,2010.0,2020.0,10.0,False,no_rating,True,False,no_bridge,may_be_incomplete_due_to_wdqs,,,"Назови 5 полнометражных фильмов, жанра «комедия», в период 2010–2020 годов, с не менее чем 25000 голосами на IMDb.","Name 5 feature films with genre ""comedy"", from 2010 to 2020, with at least 25000 IMDb votes."
movie_l3_0075,L3,film,14,5,6,1980.0,1999.0,19.0,False,rating_min,True,False,no_bridge,may_be_incomplete_due_to_wdqs,,,"Назови 5 полнометражных фильмов, в период 1980–1999 годов, с рейтингом IMDb не ниже 7.5, с не менее чем 50000 голосами на IMDb.","Name 5 feature films from 1980 to 1999, with IMDb rating at least 7.5, with at least 50000 IMDb votes."
movie_l3_0076,L3,animated_film,7,5,6,2000.0,2015.0,15.0,False,rating_max,True,False,no_bridge,may_be_incomplete_due_to_wdqs,,,"Назови 5 мультфильмов, в период 2000–2015 годов, с рейтингом IMDb не выше 5.0, с не менее чем 5000 голосами на IMDb.","Name 5 animated films from 2000 to 2015, with IMDb rating at most 5.0, with at least 5000 IMDb votes."
movie_l3_0077,L3,animated_film,18,5,6,,,,False,rating_min,True,True,no_bridge,may_be_incomplete_due_to_wdqs,,,"Назови 5 мультфильмов, с рейтингом IMDb не ниже 6.5, с не менее чем 25000 голосами на IMDb, длительностью 100–180 минут.","Name 5 animated films with IMDb rating at least 6.5, with at least 25000 IMDb votes, with runtime between 100 and 180 minutes."
movie_l3_0079,L3,short_film,7,5,5,2000.0,2015.0,15.0,False,rating_max,False,False,no_bridge,not_truncated,,,"Назови 5 короткометражных фильмов, жанра «боевик», в период 2000–2015 годов, с рейтингом IMDb не выше 6.0.","Name 5 short films with genre ""action"", from 2000 to 2015, with IMDb rating at most 6.0."
movie_l3_0080,L3,animated_film,5,5,6,2000.0,2015.0,15.0,False,no_rating,True,False,no_bridge,not_truncated,,,"Назови 5 мультфильмов, жанра «триллер», в период 2000–2015 годов, с не менее чем 5000 голосами на IMDb.","Name 5 animated films with genre ""thriller"", from 2000 to 2015, with at least 5000 IMDb votes."
movie_l3_0081,L3,animated_film,13,5,6,1990.0,2009.0,19.0,False,rating_min,True,False,no_bridge,may_be_incomplete_due_to_wdqs,,,"Назови 5 мультфильмов, в период 1990–2009 годов, с рейтингом IMDb не ниже 8.0, с не менее чем 50000 голосами на IMDb.","Name 5 animated films from 1990 to 2009, with IMDb rating at least 8.0, with at least 50000 IMDb votes."
movie_l3_0082,L3,tv_series,25,5,3,,,,False,rating_min,False,False,no_bridge,not_truncated,,,"Назови 5 сериалов, жанра «боевик», с рейтингом IMDb не ниже 7.5.","Name 5 TV series with genre ""action"", with IMDb rating at least 7.5."
movie_l3_0083,L3,short_film,23,5,4,,,,False,rating_min,False,True,no_bridge,not_truncated,,,"Назови 5 короткометражных фильмов, жанра «триллер», с рейтингом IMDb не ниже 6.5, длительностью не более 150 минут.","Name 5 short films with genre ""thriller"", with IMDb rating at least 6.5, with runtime at most 150 minutes."
movie_l3_0084,L3,film,48,5,6,1990.0,2009.0,19.0,False,rating_min,False,False,no_bridge,may_be_incomplete_due_to_wdqs,,,"Назови 5 полнометражных фильмов, жанра «комедия», в период 1990–2009 годов, с рейтингом IMDb не ниже 7.5.","Name 5 feature films with genre ""comedy"", from 1990 to 2009, with IMDb rating at least 7.5."
movie_l3_0086,L3,film,26,5,6,,,,False,rating_max,True,True,no_bridge,may_be_incomplete_due_to_wdqs,,,"Назови 5 полнометражных фильмов, с рейтингом IMDb не выше 6.5, с не менее чем 50000 голосами на IMDb, длительностью 100–180 минут.","Name 5 feature films with IMDb rating at most 6.5, with at least 50000 IMDb votes, with runtime between 100 and 180 minutes."
movie_l3_0088,L3,short_film,10,5,5,2000.0,2015.0,15.0,False,rating_max,False,False,no_bridge,may_be_incomplete_due_to_wdqs,,,"Назови 5 короткометражных фильмов, жанра «документальное кино», в период 2000–2015 годов, с рейтингом IMDb не выше 5.5.","Name 5 short films with genre ""documentary"", from 2000 to 2015, with IMDb rating at most 5.5."
movie_l3_0089,L3,animated_film,12,5,6,2015.0,2025.0,10.0,False,rating_max,False,False,no_bridge,not_truncated,,,"Назови 5 мультфильмов, жанра «боевик», в период 2015–2025 годов, с рейтингом IMDb не выше 5.5.","Name 5 animated films with genre ""action"", from 2015 to 2025, with IMDb rating at most 5.5."
movie_l3_0090,L3,animated_film,38,5,6,2010.0,2020.0,10.0,False,rating_min,False,False,no_bridge,not_truncated,,,"Назови 5 мультфильмов, жанра «научная фантастика», в период 2010–2020 годов, с рейтингом IMDb не ниже 6.5.","Name 5 animated films with genre ""sci-fi"", from 2010 to 2020, with IMDb rating at least 6.5."
movie_l4_0091,L4,film,11,3,7,1990.0,2025.0,35.0,False,rating_max,False,False,actor_from_object,not_truncated,,,"Назови 3 полнометражных фильмов, с актёром из «Очень странные дела», жанра «криминальный фильм», в период 1990–2025 годов, с рейтингом IMDb не выше 5.5.","Name 3 feature films with an actor from ""Stranger Things"", with genre ""crime"", from 1990 to 2025, with IMDb rating at most 5.5."
movie_l4_0092,L4,actor,6,3,9,,,,False,rating_min,True,False,movie_director_from_object,not_truncated,1.0,6.0,"Назови 3 актёров, которые снимались в полнометражных фильмов, жанра «научная фантастика», в период 2000–2015 годов, с рейтингом IMDb не ниже 6.0, с не менее чем 50000 голосами на IMDb, у режиссёра фильма «Бешеные псы».","Name 3 actors who appeared in feature films, with genre ""sci-fi"", from 2000 to 2015, with IMDb rating at least 6.0, with at least 50000 IMDb votes, directed by the director of ""Reservoir Dogs""."
movie_l4_0093,L4,animated_film,3,3,7,1990.0,2025.0,35.0,False,rating_min,False,False,director_from_object,not_truncated,,,"Назови 3 мультфильмов, с режиссёром фильма «Унесённые призраками», жанра «драма», в период 1990–2025 годов, с рейтингом IMDb не ниже 7.5.","Name 3 animated films with the director of ""Spirited Away"", with genre ""drama"", from 1990 to 2025, with IMDb rating at least 7.5."
movie_l4_0094,L4,tv_series,5,3,6,2000.0,2025.0,25.0,False,rating_min,False,False,actor_from_object,not_truncated,,,"Назови 3 сериалов, с актёром из «Криминальное чтиво», жанра «драма», в период 2000–2025 годов, с рейтингом IMDb не ниже 6.0.","Name 3 TV series with an actor from ""Pulp Fiction"", with genre ""drama"", from 2000 to 2025, with IMDb rating at least 6.0."
movie_l4_0095,L4,animated_film,6,3,7,2005.0,2025.0,20.0,False,rating_max,False,False,production_company_from_object,not_truncated,,,"Назови 3 мультфильмов, от одной из продюсерских компаний фильма «История игрушек», жанра «комедия», в период 2005–2025 годов, с рейтингом IMDb не выше 6.0.","Name 3 animated films from one of the production companies of ""Toy Story"", with genre ""comedy"", from 2005 to 2025, with IMDb rating at most 6.0."
movie_l4_0097,L4,film,4,3,7,1990.0,2025.0,35.0,False,rating_max,False,False,production_company_from_object,not_truncated,,,"Назови 3 полнометражных фильмов, от одной из продюсерских компаний фильма «Парк юрского периода», жанра «научная фантастика», в период 1990–2025 годов, с рейтингом IMDb не выше 6.0.","Name 3 feature films from one of the production companies of ""Jurassic Park"", with genre ""sci-fi"", from 1990 to 2025, with IMDb rating at most 6.0."
movie_l4_0098,L4,film,5,3,7,2005.0,2025.0,20.0,False,rating_min,False,False,actor_from_object,not_truncated,,,"Назови 3 полнометражных фильмов, с актёром из «Парк юрского периода», жанра «криминальный фильм», в период 2005–2025 годов, с рейтингом IMDb не ниже 6.5.","Name 3 feature films with an actor from ""Jurassic Park"", with genre ""crime"", from 2005 to 2025, with IMDb rating at least 6.5."
movie_l4_0099,L4,film,17,3,7,1990.0,2025.0,35.0,False,rating_min,False,False,actor_from_object,not_truncated,,,"Назови 3 полнометражных фильмов, с актёром из «Во все тяжкие», жанра «драма», в период 1990–2025 годов, с рейтингом IMDb не ниже 7.0.","Name 3 feature films with an actor from ""Breaking Bad"", with genre ""drama"", from 1990 to 2025, with IMDb rating at least 7.0."
movie_l4_0100,L4,actor,12,3,8,,,,False,rating_min,False,False,movie_production_company_from_object,not_truncated,2.0,6.0,"Назови 3 актёров, которые снимались в полнометражных фильмов, жанра «триллер», в период 2015–2025 годов, с рейтингом IMDb не ниже 6.5, от одной из продюсерских компаний фильма «Криминальное чтиво».","Name 3 actors who appeared in feature films, with genre ""thriller"", from 2015 to 2025, with IMDb rating at least 6.5, from one of the production companies of ""Pulp Fiction""."
movie_l4_0101,L4,actor,6,3,8,,,,False,rating_max,False,False,movie_production_company_from_object,may_be_incomplete_due_to_wdqs,1.0,6.0,"Назови 3 актёров, которые снимались в полнометражных фильмов, жанра «триллер», в период 2015–2025 годов, с рейтингом IMDb не выше 6.5, от одной из продюсерских компаний фильма «Матрица».","Name 3 actors who appeared in feature films, with genre ""thriller"", from 2015 to 2025, with IMDb rating at most 6.5, from one of the production companies of ""The Matrix""."
movie_l4_0102,L4,actor,4,3,8,,,,False,rating_max,False,False,movie_director_from_object,not_truncated,1.0,4.0,"Назови 3 актёров, которые снимались в полнометражных фильмов, жанра «драма», в период 2010–2020 годов, с рейтингом IMDb не выше 4.5, у режиссёра фильма «Инопланетянин».","Name 3 actors who appeared in feature films, with genre ""drama"", from 2010 to 2020, with IMDb rating at most 4.5, directed by the director of ""E.T. the Extra-Terrestrial""."
movie_l4_0103,L4,film,4,3,7,2010.0,2025.0,15.0,False,rating_min,False,False,director_from_object,not_truncated,,,"Назови 3 полнометражных фильмов, с режиссёром фильма «Парк юрского периода», жанра «драма», в период 2010–2025 годов, с рейтингом IMDb не ниже 7.0.","Name 3 feature films with the director of ""Jurassic Park"", with genre ""drama"", from 2010 to 2025, with IMDb rating at least 7.0."
movie_l4_0104,L4,film,4,3,7,2015.0,2025.0,10.0,False,rating_max,False,False,production_company_from_object,not_truncated,,,"Назови 3 полнометражных фильмов, от одной из продюсерских компаний фильма «История игрушек», жанра «комедия», в период 2015–2025 годов, с рейтингом IMDb не выше 5.5.","Name 3 feature films from one of the production companies of ""Toy Story"", with genre ""comedy"", from 2015 to 2025, with IMDb rating at most 5.5."
movie_l4_0105,L4,actor,6,3,8,,,,False,rating_min,False,False,movie_director_from_object,not_truncated,1.0,6.0,"Назови 3 актёров, которые снимались в полнометражных фильмов, жанра «научная фантастика», в период 2010–2020 годов, с рейтингом IMDb не ниже 6.0, у режиссёра фильма «Парк юрского периода».","Name 3 actors who appeared in feature films, with genre ""sci-fi"", from 2010 to 2020, with IMDb rating at least 6.0, directed by the director of ""Jurassic Park""."
movie_l4_0106,L4,film,7,3,7,2000.0,2025.0,25.0,False,rating_min,False,False,production_company_from_object,not_truncated,,,"Назови 3 полнометражных фильмов, от одной из продюсерских компаний фильма «Тёмный рыцарь», жанра «боевик», в период 2000–2025 годов, с рейтингом IMDb не ниже 8.0.","Name 3 feature films from one of the production companies of ""The Dark Knight"", with genre ""action"", from 2000 to 2025, with IMDb rating at least 8.0."
movie_l4_0108,L4,actor,6,3,8,,,,False,rating_min,False,False,movie_composer_from_object,not_truncated,1.0,6.0,"Назови 3 актёров, которые снимались в полнометражных фильмов, жанра «криминальный фильм», в период 1990–2009 годов, с рейтингом IMDb не ниже 7.5, с композитором фильма «Унесённые призраками».","Name 3 actors who appeared in feature films, with genre ""crime"", from 1990 to 2009, with IMDb rating at least 7.5, with the composer of ""Spirited Away""."
movie_l4_0109,L4,film,5,3,7,2005.0,2025.0,20.0,False,rating_max,False,False,production_company_from_object,not_truncated,,,"Назови 3 полнометражных фильмов, от одной из продюсерских компаний фильма «Парк юрского периода», жанра «драма», в период 2005–2025 годов, с рейтингом IMDb не выше 6.5.","Name 3 feature films from one of the production companies of ""Jurassic Park"", with genre ""drama"", from 2005 to 2025, with IMDb rating at most 6.5."
movie_l4_0110,L4,film,6,3,7,2005.0,2025.0,20.0,False,rating_min,False,False,director_from_object,not_truncated,,,"Назови 3 полнометражных фильмов, с режиссёром фильма «Криминальное чтиво», жанра «боевик», в период 2005–2025 годов, с рейтингом IMDb не ниже 6.5.","Name 3 feature films with the director of ""Pulp Fiction"", with genre ""action"", from 2005 to 2025, with IMDb rating at least 6.5."
movie_l4_0111,L4,film,30,3,7,1990.0,2025.0,35.0,False,rating_max,False,False,production_company_from_object,not_truncated,,,"Назови 3 полнометражных фильмов, от одной из продюсерских компаний фильма «Крёстный отец», жанра «боевик», в период 1990–2025 годов, с рейтингом IMDb не выше 6.0.","Name 3 feature films from one of the production companies of ""The Godfather"", with genre ""action"", from 1990 to 2025, with IMDb rating at most 6.0."
movie_l4_0112,L4,film,19,3,8,2000.0,2025.0,25.0,False,rating_min,True,False,actor_from_object,not_truncated,,,"Назови 3 полнометражных фильмов, с актёром из «Тёмный рыцарь», жанра «криминальный фильм», в период 2000–2025 годов, с рейтингом IMDb не ниже 7.0, с не менее чем 25000 голосами на IMDb.","Name 3 feature films with an actor from ""The Dark Knight"", with genre ""crime"", from 2000 to 2025, with IMDb rating at least 7.0, with at least 25000 IMDb votes."
movie_l4_0113,L4,actor,18,3,8,,,,False,rating_min,False,False,movie_production_company_from_object,not_truncated,3.0,6.0,"Назови 3 актёров, которые снимались в полнометражных фильмов, жанра «научная фантастика», в период 2010–2020 годов, с рейтингом IMDb не ниже 6.5, от одной из продюсерских компаний фильма «ВАЛЛ-И».","Name 3 actors who appeared in feature films, with genre ""sci-fi"", from 2010 to 2020, with IMDb rating at least 6.5, from one of the production companies of ""WALL-E""."
movie_l4_0114,L4,film,9,3,7,2010.0,2025.0,15.0,False,rating_max,False,False,actor_from_object,not_truncated,,,"Назови 3 полнометражных фильмов, с актёром из «Игра престолов», жанра «триллер», в период 2010–2025 годов, с рейтингом IMDb не выше 4.5.","Name 3 feature films with an actor from ""Game of Thrones"", with genre ""thriller"", from 2010 to 2025, with IMDb rating at most 4.5."
movie_l4_0115,L4,film,7,3,7,2000.0,2025.0,25.0,False,rating_max,False,False,production_company_from_object,not_truncated,,,"Назови 3 полнометражных фильмов, от одной из продюсерских компаний фильма «Тёмный рыцарь», жанра «научная фантастика», в период 2000–2025 годов, с рейтингом IMDb не выше 5.5.","Name 3 feature films from one of the production companies of ""The Dark Knight"", with genre ""sci-fi"", from 2000 to 2025, with IMDb rating at most 5.5."
movie_l4_0116,L4,actor,48,3,8,,,,False,rating_min,False,False,co_actor_from_object,not_truncated,8.0,6.0,"Назови 3 актёров, которые снимались в полнометражных фильмов, жанра «документальное кино», в период 1990–2009 годов, с рейтингом IMDb не ниже 6.0, вместе с актёром из «Бешеные псы».","Name 3 actors who appeared in feature films, with genre ""documentary"", from 1990 to 2009, with IMDb rating at least 6.0, with an actor from ""Reservoir Dogs""."
movie_l4_0117,L4,film,12,3,7,1990.0,2025.0,35.0,False,rating_min,False,False,production_company_from_object,not_truncated,,,"Назови 3 полнометражных фильмов, от одной из продюсерских компаний фильма «Тёмный рыцарь», жанра «триллер», в период 1990–2025 годов, с рейтингом IMDb не ниже 8.0.","Name 3 feature films from one of the production companies of ""The Dark Knight"", with genre ""thriller"", from 1990 to 2025, with IMDb rating at least 8.0."
movie_l4_0119,L4,film,3,3,7,2015.0,2025.0,10.0,False,rating_min,False,False,actor_from_object,not_truncated,,,"Назови 3 полнометражных фильмов, с актёром из «Криминальное чтиво», жанра «фильм ужасов», в период 2015–2025 годов, с рейтингом IMDb не ниже 6.5.","Name 3 feature films with an actor from ""Pulp Fiction"", with genre ""horror"", from 2015 to 2025, with IMDb rating at least 6.5."
movie_l4_0120,L4,film,6,3,7,2000.0,2025.0,25.0,False,rating_min,False,False,production_company_from_object,not_truncated,,,"Назови 3 полнометражных фильмов, от одной из продюсерских компаний фильма «Матрица», жанра «боевик», в период 2000–2025 годов, с рейтингом IMDb не ниже 8.0.","Name 3 feature films from one of the production companies of ""The Matrix"", with genre ""action"", from 2000 to 2025, with IMDb rating at least 8.0."
movie_l4_0121,L4,short_film,3,3,6,1990.0,2025.0,35.0,False,rating_min,False,False,actor_from_object,not_truncated,,,"Назови 3 короткометражных фильмов, с актёром из «Друзья», жанра «комедия», в период 1990–2025 годов, с рейтингом IMDb не ниже 6.0.","Name 3 short films with an actor from ""Friends"", with genre ""comedy"", from 1990 to 2025, with IMDb rating at least 6.0."
movie_l4_0122,L4,tv_series,3,3,6,2000.0,2025.0,25.0,False,rating_min,False,False,actor_from_object,not_truncated,,,"Назови 3 сериалов, с актёром из «Парк юрского периода», жанра «драма», в период 2000–2025 годов, с рейтингом IMDb не ниже 6.0.","Name 3 TV series with an actor from ""Jurassic Park"", with genre ""drama"", from 2000 to 2025, with IMDb rating at least 6.0."
movie_l4_0123,L4,animated_film,5,3,7,2015.0,2025.0,10.0,False,rating_min,False,False,production_company_from_object,not_truncated,,,"Назови 3 мультфильмов, от одной из продюсерских компаний фильма «ВАЛЛ-И», жанра «драма», в период 2015–2025 годов, с рейтингом IMDb не ниже 6.5.","Name 3 animated films from one of the production companies of ""WALL-E"", with genre ""drama"", from 2015 to 2025, with IMDb rating at least 6.5."
movie_l4_0124,L4,tv_series,5,3,6,2005.0,2025.0,20.0,False,rating_min,False,False,actor_from_object,not_truncated,,,"Назови 3 сериалов, с актёром из «Тёмный рыцарь», жанра «драма», в период 2005–2025 годов, с рейтингом IMDb не ниже 6.5.","Name 3 TV series with an actor from ""The Dark Knight"", with genre ""drama"", from 2005 to 2025, with IMDb rating at least 6.5."
movie_l4_0125,L4,animated_film,4,3,7,2010.0,2025.0,15.0,False,rating_min,False,False,production_company_from_object,not_truncated,,,"Назови 3 мультфильмов, от одной из продюсерских компаний фильма «ВАЛЛ-И», жанра «научная фантастика», в период 2010–2025 годов, с рейтингом IMDb не ниже 6.5.","Name 3 animated films from one of the production companies of ""WALL-E"", with genre ""sci-fi"", from 2010 to 2025, with IMDb rating at least 6.5."
movie_l4_0126,L4,tv_series,5,3,6,1990.0,2025.0,35.0,False,rating_min,False,False,actor_from_object,not_truncated,,,"Назови 3 сериалов, с актёром из «Криминальное чтиво», жанра «драма», в период 1990–2025 годов, с рейтингом IMDb не ниже 6.0.","Name 3 TV series with an actor from ""Pulp Fiction"", with genre ""drama"", from 1990 to 2025, with IMDb rating at least 6.0."
movie_l4_0127,L4,animated_film,6,3,7,2005.0,2025.0,20.0,False,rating_max,False,False,production_company_from_object,not_truncated,,,"Назови 3 мультфильмов, от одной из продюсерских компаний фильма «Инопланетянин», жанра «комедия», в период 2005–2025 годов, с рейтингом IMDb не выше 6.5.","Name 3 animated films from one of the production companies of ""E.T. the Extra-Terrestrial"", with genre ""comedy"", from 2005 to 2025, with IMDb rating at most 6.5."
movie_l4_0128,L4,film,12,3,7,2005.0,2025.0,20.0,False,rating_min,False,False,actor_from_object,not_truncated,,,"Назови 3 полнометражных фильмов, с актёром из «Очень странные дела», жанра «драма», в период 2005–2025 годов, с рейтингом IMDb не ниже 7.5.","Name 3 feature films with an actor from ""Stranger Things"", with genre ""drama"", from 2005 to 2025, with IMDb rating at least 7.5."
movie_l4_0131,L4,film,30,3,7,1990.0,2025.0,35.0,False,rating_max,False,False,actor_from_object,not_truncated,,,"Назови 3 полнометражных фильмов, с актёром из «Во все тяжкие», жанра «драма», в период 1990–2025 годов, с рейтингом IMDb не выше 6.5.","Name 3 feature films with an actor from ""Breaking Bad"", with genre ""drama"", from 1990 to 2025, with IMDb rating at most 6.5."
movie_l4_0132,L4,film,4,3,7,2000.0,2025.0,25.0,False,rating_min,False,False,actor_from_object,not_truncated,,,"Назови 3 полнометражных фильмов, с актёром из «Игра престолов», жанра «документальное кино», в период 2000–2025 годов, с рейтингом IMDb не ниже 8.0.","Name 3 feature films with an actor from ""Game of Thrones"", with genre ""documentary"", from 2000 to 2025, with IMDb rating at least 8.0."
movie_l4_0133,L4,film,5,3,7,2015.0,2025.0,10.0,False,rating_max,False,False,production_company_from_object,not_truncated,,,"Назови 3 полнометражных фильмов, от одной из продюсерских компаний фильма «Матрица», жанра «триллер», в период 2015–2025 годов, с рейтингом IMDb не выше 5.5.","Name 3 feature films from one of the production companies of ""The Matrix"", with genre ""thriller"", from 2015 to 2025, with IMDb rating at most 5.5."
movie_l4_0134,L4,actor,18,3,8,,,,False,rating_max,False,False,movie_production_company_from_object,may_be_incomplete_due_to_wdqs,3.0,6.0,"Назови 3 актёров, которые снимались в полнометражных фильмов, жанра «драма», в период 2000–2015 годов, с рейтингом IMDb не выше 5.5, от одной из продюсерских компаний фильма «ВАЛЛ-И».","Name 3 actors who appeared in feature films, with genre ""drama"", from 2000 to 2015, with IMDb rating at most 5.5, from one of the production companies of ""WALL-E""."
movie_l4_0135,L4,actor,18,3,9,,,,False,rating_min,True,False,movie_production_company_from_object,not_truncated,3.0,6.0,"Назови 3 актёров, которые снимались в полнометражных фильмов, жанра «фильм ужасов», в период 1990–2009 годов, с рейтингом IMDb не ниже 6.5, с не менее чем 10000 голосами на IMDb, от одной из продюсерских компаний фильма «Тёмный рыцарь».","Name 3 actors who appeared in feature films, with genre ""horror"", from 1990 to 2009, with IMDb rating at least 6.5, with at least 10000 IMDb votes, from one of the production companies of ""The Dark Knight""."
movie_l4_0136,L4,film,11,3,8,2000.0,2025.0,25.0,False,rating_min,True,False,production_company_from_object,not_truncated,,,"Назови 3 полнометражных фильмов, от одной из продюсерских компаний фильма «Крёстный отец», жанра «научная фантастика», в период 2000–2025 годов, с рейтингом IMDb не ниже 7.0, с не менее чем 25000 голосами на IMDb.","Name 3 feature films from one of the production companies of ""The Godfather"", with genre ""sci-fi"", from 2000 to 2025, with IMDb rating at least 7.0, with at least 25000 IMDb votes."
movie_l4_0137,L4,actor,6,3,8,,,,False,rating_min,False,False,movie_composer_from_object,not_truncated,1.0,6.0,"Назови 3 актёров, которые снимались в полнометражных фильмов, жанра «фильм ужасов», в период 1990–2009 годов, с рейтингом IMDb не ниже 8.0, с композитором фильма «Тёмный рыцарь».","Name 3 actors who appeared in feature films, with genre ""horror"", from 1990 to 2009, with IMDb rating at least 8.0, with the composer of ""The Dark Knight""."
movie_l4_0138,L4,film,4,3,7,1990.0,2025.0,35.0,False,rating_min,False,False,director_from_object,not_truncated,,,"Назови 3 полнометражных фильмов, с режиссёром фильма «Криминальное чтиво», жанра «комедия», в период 1990–2025 годов, с рейтингом IMDb не ниже 6.5.","Name 3 feature films with the director of ""Pulp Fiction"", with genre ""comedy"", from 1990 to 2025, with IMDb rating at least 6.5."
movie_l4_0139,L4,actor,12,3,8,,,,False,rating_min,False,False,co_actor_from_object,may_be_incomplete_due_to_wdqs,2.0,6.0,"Назови 3 актёров, которые снимались в полнометражных фильмов, жанра «научная фантастика», в период 1980–1999 годов, с рейтингом IMDb не ниже 7.5, вместе с актёром из «Тёмный рыцарь».","Name 3 actors who appeared in feature films, with genre ""sci-fi"", from 1980 to 1999, with IMDb rating at least 7.5, with an actor from ""The Dark Knight""."
movie_l4_0140,L4,film,3,3,7,2015.0,2025.0,10.0,False,rating_min,False,False,actor_from_object,not_truncated,,,"Назови 3 полнометражных фильмов, с актёром из «Крёстный отец», жанра «документальное кино», в период 2015–2025 годов, с рейтингом IMDb не ниже 7.5.","Name 3 feature films with an actor from ""The Godfather"", with genre ""documentary"", from 2015 to 2025, with IMDb rating at least 7.5."
movie_l4_0141,L4,film,6,3,7,2005.0,2025.0,20.0,False,rating_max,False,False,production_company_from_object,not_truncated,,,"Назови 3 полнометражных фильмов, от одной из продюсерских компаний фильма «Крёстный отец», жанра «триллер», в период 2005–2025 годов, с рейтингом IMDb не выше 6.0.","Name 3 feature films from one of the production companies of ""The Godfather"", with genre ""thriller"", from 2005 to 2025, with IMDb rating at most 6.0."
movie_l4_0142,L4,film,14,3,7,2000.0,2025.0,25.0,False,rating_max,False,False,actor_from_object,not_truncated,,,"Назови 3 полнометражных фильмов, с актёром из «Бешеные псы», жанра «триллер», в период 2000–2025 годов, с рейтингом IMDb не выше 5.0.","Name 3 feature films with an actor from ""Reservoir Dogs"", with genre ""thriller"", from 2000 to 2025, with IMDb rating at most 5.0."
movie_l4_0143,L4,actor,12,3,9,,,,False,rating_min,True,False,movie_director_from_object,not_truncated,2.0,6.0,"Назови 3 актёров, которые снимались в полнометражных фильмов, жанра «научная фантастика», в период 2000–2015 годов, с рейтингом IMDb не ниже 7.0, с не менее чем 1000 голосами на IMDb, у режиссёра фильма «Матрица».","Name 3 actors who appeared in feature films, with genre ""sci-fi"", from 2000 to 2015, with IMDb rating at least 7.0, with at least 1000 IMDb votes, directed by the director of ""The Matrix""."
movie_l4_0144,L4,film,13,3,7,1990.0,2025.0,35.0,False,rating_min,False,False,actor_from_object,not_truncated,,,"Назови 3 полнометражных фильмов, с актёром из «Тёмный рыцарь», жанра «боевик», в период 1990–2025 годов, с рейтингом IMDb не ниже 8.0.","Name 3 feature films with an actor from ""The Dark Knight"", with genre ""action"", from 1990 to 2025, with IMDb rating at least 8.0."
movie_l4_0145,L4,film,3,3,7,2000.0,2025.0,25.0,False,rating_min,False,False,director_from_object,not_truncated,,,"Назови 3 полнометражных фильмов, с режиссёром фильма «Матрица», жанра «боевик», в период 2000–2025 годов, с рейтингом IMDb не ниже 6.0.","Name 3 feature films with the director of ""The Matrix"", with genre ""action"", from 2000 to 2025, with IMDb rating at least 6.0."
movie_l4_0147,L4,actor,6,3,7,,,,False,rating_min,False,False,co_actor_from_object,not_truncated,1.0,6.0,"Назови 3 актёров, которые снимались в сериалов, жанра «комедия», в период 2015–2025 годов, с рейтингом IMDb не ниже 7.5, вместе с актёром из «Игра престолов».","Name 3 actors who appeared in TV series, with genre ""comedy"", from 2015 to 2025, with IMDb rating at least 7.5, with an actor from ""Game of Thrones""."
movie_l4_0148,L4,film,3,3,7,2010.0,2025.0,15.0,False,rating_min,False,False,director_from_object,not_truncated,,,"Назови 3 полнометражных фильмов, с режиссёром фильма «Тёмный рыцарь», жанра «боевик», в период 2010–2025 годов, с рейтингом IMDb не ниже 6.0.","Name 3 feature films with the director of ""The Dark Knight"", with genre ""action"", from 2010 to 2025, with IMDb rating at least 6.0."
movie_l4_0149,L4,film,15,3,7,2000.0,2025.0,25.0,False,rating_max,False,False,actor_from_object,not_truncated,,,"Назови 3 полнометражных фильмов, с актёром из «Криминальное чтиво», жанра «фильм ужасов», в период 2000–2025 годов, с рейтингом IMDb не выше 5.5.","Name 3 feature films with an actor from ""Pulp Fiction"", with genre ""horror"", from 2000 to 2025, with IMDb rating at most 5.5."
movie_l4_0150,L4,film,9,3,7,2010.0,2025.0,15.0,False,rating_min,False,False,actor_from_object,not_truncated,,,"Назови 3 полнометражных фильмов, с актёром из «Крёстный отец», жанра «документальное кино», в период 2010–2025 годов, с рейтингом IMDb не ниже 6.0.","Name 3 feature films with an actor from ""The Godfather"", with genre ""documentary"", from 2010 to 2025, with IMDb rating at least 6.0."
movie_l5_0152,L5,actor,47,3,8,,,,False,rating_max,False,False,co_actor_from_object,not_truncated,8.0,6.0,"Назови 3 актёров, которые снимались в полнометражных фильмов, жанра «фильм ужасов», в период 1980–1999 годов, с рейтингом IMDb не выше 6.5, вместе с актёром из «Друзья».","Name 3 actors who appeared in feature films, with genre ""horror"", from 1980 to 1999, with IMDb rating at most 6.5, with an actor from ""Friends""."
movie_l5_0153,L5,animated_film,4,3,8,1990.0,2025.0,35.0,False,rating_min,True,False,director_from_object,not_truncated,,,"Назови 3 мультфильмов, с режиссёром фильма «Унесённые призраками», жанра «драма», в период 1990–2025 годов, с рейтингом IMDb не ниже 7.0, с не менее чем 50000 голосами на IMDb.","Name 3 animated films with the director of ""Spirited Away"", with genre ""drama"", from 1990 to 2025, with IMDb rating at least 7.0, with at least 50000 IMDb votes."
movie_l5_0154,L5,tv_series,13,3,6,1990.0,2025.0,35.0,False,rating_min,False,False,actor_from_object,not_truncated,,,"Назови 3 сериалов, с актёром из «Игра престолов», жанра «драма», в период 1990–2025 годов, с рейтингом IMDb не ниже 7.0.","Name 3 TV series with an actor from ""Game of Thrones"", with genre ""drama"", from 1990 to 2025, with IMDb rating at least 7.0."
movie_l5_0155,L5,actor,36,3,8,,,,False,rating_max,False,False,co_actor_from_object,may_be_incomplete_due_to_wdqs,7.0,6.0,"Назови 3 актёров, которые снимались в полнометражных фильмов, жанра «драма», в период 2010–2020 годов, с рейтингом IMDb не выше 6.5, вместе с актёром из «Матрица».","Name 3 actors who appeared in feature films, with genre ""drama"", from 2010 to 2020, with IMDb rating at most 6.5, with an actor from ""The Matrix""."
movie_l5_0156,L5,actor,12,3,9,,,,False,rating_max,False,True,co_actor_from_object,may_be_incomplete_due_to_wdqs,2.0,6.0,"Назови 3 актёров, которые снимались в полнометражных фильмов, жанра «научная фантастика», в период 2015–2025 годов, с рейтингом IMDb не выше 6.0, вместе с актёром из «Криминальное чтиво».","Name 3 actors who appeared in feature films, with genre ""sci-fi"", from 2015 to 2025, with IMDb rating at most 6.0, with an actor from ""Pulp Fiction""."
movie_l5_0157,L5,film,13,3,9,2000.0,2025.0,25.0,False,rating_min,True,True,actor_from_object,not_truncated,,,"Назови 3 полнометражных фильмов, с актёром из «Криминальное чтиво», жанра «триллер», в период 2000–2025 годов, с рейтингом IMDb не ниже 6.5, с не менее чем 50000 голосами на IMDb, длительностью не более 120 минут.","Name 3 feature films with an actor from ""Pulp Fiction"", with genre ""thriller"", from 2000 to 2025, with IMDb rating at least 6.5, with at least 50000 IMDb votes, with runtime at most 120 minutes."
movie_l5_0158,L5,film,5,3,9,2010.0,2025.0,15.0,False,rating_min,True,True,actor_from_object,not_truncated,,,"Назови 3 полнометражных фильмов, с актёром из «Тёмный рыцарь», жанра «фильм ужасов», в период 2010–2025 годов, с рейтингом IMDb не ниже 6.5, с не менее чем 5000 голосами на IMDb, длительностью не более 120 минут.","Name 3 feature films with an actor from ""The Dark Knight"", with genre ""horror"", from 2010 to 2025, with IMDb rating at least 6.5, with at least 5000 IMDb votes, with runtime at most 120 minutes."
movie_l5_0159,L5,actor,46,3,10,,,,False,rating_min,True,False,co_actor_from_object,not_truncated,8.0,6.0,"Назови 3 актёров, которые снимались в полнометражных фильмов, жанра «драма», из страны: Франция, в период 1980–1999 годов, с рейтингом IMDb не ниже 6.5, с не менее чем 5000 голосами на IMDb, вместе с актёром из «Парк юрского периода».","Name 3 actors who appeared in feature films, with genre ""drama"", from country France, from 1980 to 1999, with IMDb rating at least 6.5, with at least 5000 IMDb votes, with an actor from ""Jurassic Park""."
movie_l5_0160,L5,actor,46,3,8,,,,False,rating_min,False,False,co_actor_from_object,not_truncated,8.0,6.0,"Назови 3 актёров, которые снимались в полнометражных фильмов, жанра «научная фантастика», в период 2015–2025 годов, с рейтингом IMDb не ниже 6.0, вместе с актёром из «Офис».","Name 3 actors who appeared in feature films, with genre ""sci-fi"", from 2015 to 2025, with IMDb rating at least 6.0, with an actor from ""The Office""."
movie_l5_0161,L5,film,26,3,9,2005.0,2025.0,20.0,False,rating_min,False,True,actor_from_object,not_truncated,,,"Назови 3 полнометражных фильмов, с актёром из «Игра престолов», жанра «триллер», в период 2005–2025 годов, с рейтингом IMDb не ниже 7.0, длительностью 80–140 минут.","Name 3 feature films with an actor from ""Game of Thrones"", with genre ""thriller"", from 2005 to 2025, with IMDb rating at least 7.0, with runtime between 80 and 140 minutes."
movie_l5_0162,L5,film,13,3,9,2015.0,2025.0,10.0,False,rating_max,False,True,production_company_from_object,not_truncated,,,"Назови 3 полнометражных фильмов, от одной из продюсерских компаний фильма «Тёмный рыцарь», жанра «боевик», в период 2015–2025 годов, с рейтингом IMDb не выше 6.0, длительностью 90–160 минут.","Name 3 feature films from one of the production companies of ""The Dark Knight"", with genre ""action"", from 2015 to 2025, with IMDb rating at most 6.0, with runtime between 90 and 160 minutes."
movie_l5_0163,L5,actor,12,3,9,,,,False,rating_min,True,False,movie_production_company_from_object,not_truncated,2.0,6.0,"Назови 3 актёров, которые снимались в полнометражных фильмов, жанра «документальное кино», в период 2000–2015 годов, с рейтингом IMDb не ниже 6.0, с не менее чем 25000 голосами на IMDb, от одной из продюсерских компаний фильма «Инопланетянин».","Name 3 actors who appeared in feature films, with genre ""documentary"", from 2000 to 2015, with IMDb rating at least 6.0, with at least 25000 IMDb votes, from one of the production companies of ""E.T. the Extra-Terrestrial""."
movie_l5_0164,L5,film,3,3,9,1990.0,2025.0,35.0,False,rating_max,False,True,actor_from_object,not_truncated,,,"Назови 3 полнометражных фильмов, с актёром из «Очень странные дела», жанра «научная фантастика», из страны: Великобритания, в период 1990–2025 годов, с рейтингом IMDb не выше 6.5, длительностью не менее 90 минут.","Name 3 feature films with an actor from ""Stranger Things"", with genre ""sci-fi"", from country United Kingdom, from 1990 to 2025, with IMDb rating at most 6.5, with runtime at least 90 minutes."
movie_l5_0165,L5,film,3,3,9,2000.0,2025.0,25.0,False,rating_max,False,True,production_company_from_object,not_truncated,,,"Назови 3 полнометражных фильмов, от одной из продюсерских компаний фильма «Матрица», жанра «фильм ужасов», в период 2000–2025 годов, с рейтингом IMDb не выше 5.0, длительностью 80–140 минут.","Name 3 feature films from one of the production companies of ""The Matrix"", with genre ""horror"", from 2000 to 2025, with IMDb rating at most 5.0, with runtime between 80 and 140 minutes."
movie_l5_0166,L5,film,19,3,9,2010.0,2025.0,15.0,False,rating_min,False,True,actor_from_object,not_truncated,,,"Назови 3 полнометражных фильмов, с актёром из «Матрица», жанра «боевик», в период 2010–2025 годов, с рейтингом IMDb не ниже 6.0, длительностью 100–180 минут.","Name 3 feature films with an actor from ""The Matrix"", with genre ""action"", from 2010 to 2025, with IMDb rating at least 6.0, with runtime between 100 and 180 minutes."
movie_l5_0167,L5,film,15,3,9,1990.0,2025.0,35.0,False,rating_max,False,True,actor_from_object,not_truncated,,,"Назови 3 полнометражных фильмов, с актёром из «Инопланетянин», жанра «фильм ужасов», в период 1990–2025 годов, с рейтингом IMDb не выше 6.5, длительностью 90–160 минут.","Name 3 feature films with an actor from ""E.T. the Extra-Terrestrial"", with genre ""horror"", from 1990 to 2025, with IMDb rating at most 6.5, with runtime between 90 and 160 minutes."
movie_l5_0168,L5,film,5,3,9,2015.0,2025.0,10.0,False,rating_max,False,True,production_company_from_object,not_truncated,,,"Назови 3 полнометражных фильмов, от одной из продюсерских компаний фильма «Инопланетянин», жанра «фильм ужасов», в период 2015–2025 годов, с рейтингом IMDb не выше 5.5, длительностью 60–120 минут.","Name 3 feature films from one of the production companies of ""E.T. the Extra-Terrestrial"", with genre ""horror"", from 2015 to 2025, with IMDb rating at most 5.5, with runtime between 60 and 120 minutes."
movie_l5_0169,L5,actor,6,3,8,,,,False,rating_min,False,False,co_actor_from_object,may_be_incomplete_due_to_wdqs,1.0,6.0,"Назови 3 актёров, которые снимались в полнометражных фильмов, жанра «научная фантастика», в период 2000–2015 годов, с рейтингом IMDb не ниже 8.0, вместе с актёром из «Игра престолов».","Name 3 actors who appeared in feature films, with genre ""sci-fi"", from 2000 to 2015, with IMDb rating at least 8.0, with an actor from ""Game of Thrones""."
movie_l5_0170,L5,actor,12,3,8,,,,False,rating_min,False,False,movie_production_company_from_object,not_truncated,2.0,6.0,"Назови 3 актёров, которые снимались в полнометражных фильмов, жанра «фильм ужасов», в период 2000–2015 годов, с рейтингом IMDb не ниже 6.0, от одной из продюсерских компаний фильма «Криминальное чтиво».","Name 3 actors who appeared in feature films, with genre ""horror"", from 2000 to 2015, with IMDb rating at least 6.0, from one of the production companies of ""Pulp Fiction""."
movie_l5_0172,L5,actor,10,3,9,,,,False,rating_max,True,False,co_actor_from_object,not_truncated,3.0,6.0,"Назови 3 актёров, которые снимались в полнометражных фильмов, жанра «фильм ужасов», в период 2015–2025 годов, с рейтингом IMDb не выше 4.5, с не менее чем 1000 голосами на IMDb, вместе с актёром из «Инопланетянин».","Name 3 actors who appeared in feature films, with genre ""horror"", from 2015 to 2025, with IMDb rating at most 4.5, with at least 1000 IMDb votes, with an actor from ""E.T. the Extra-Terrestrial""."
movie_l5_0173,L5,actor,15,3,10,,,,False,rating_max,False,True,movie_production_company_from_object,may_be_incomplete_due_to_wdqs,3.0,6.0,"Назови 3 актёров, которые снимались в полнометражных фильмов, жанра «драма», в период 1980–1999 годов, с рейтингом IMDb не выше 6.0, от одной из продюсерских компаний фильма «ВАЛЛ-И».","Name 3 actors who appeared in feature films, with genre ""drama"", from 1980 to 1999, with IMDb rating at most 6.0, from one of the production companies of ""WALL-E""."
movie_l5_0174,L5,actor,18,3,8,,,,False,rating_max,False,False,movie_production_company_from_object,not_truncated,3.0,6.0,"Назови 3 актёров, которые снимались в полнометражных фильмов, жанра «научная фантастика», в период 2015–2025 годов, с рейтингом IMDb не выше 5.5, от одной из продюсерских компаний фильма «Очень странные дела».","Name 3 actors who appeared in feature films, with genre ""sci-fi"", from 2015 to 2025, with IMDb rating at most 5.5, from one of the production companies of ""Stranger Things""."
movie_l5_0175,L5,film,7,3,8,2010.0,2025.0,15.0,False,rating_max,False,True,production_company_from_object,not_truncated,,,"Назови 3 полнометражных фильмов, от одной из продюсерских компаний фильма «Крёстный отец», жанра «боевик», в период 2010–2025 годов, с рейтингом IMDb не выше 6.0, длительностью не более 120 минут.","Name 3 feature films from one of the production companies of ""The Godfather"", with genre ""action"", from 2010 to 2025, with IMDb rating at most 6.0, with runtime at most 120 minutes."
movie_l5_0177,L5,film,12,3,8,2000.0,2025.0,25.0,False,rating_max,False,True,actor_from_object,not_truncated,,,"Назови 3 полнометражных фильмов, с актёром из «Инопланетянин», жанра «фильм ужасов», в период 2000–2025 годов, с рейтингом IMDb не выше 6.5, длительностью не менее 90 минут.","Name 3 feature films with an actor from ""E.T. the Extra-Terrestrial"", with genre ""horror"", from 2000 to 2025, with IMDb rating at most 6.5, with runtime at least 90 minutes."
movie_l5_0178,L5,actor,12,3,8,,,,False,rating_min,False,False,movie_composer_from_object,not_truncated,2.0,6.0,"Назови 3 актёров, которые снимались в полнометражных фильмов, жанра «боевик», в период 1990–2009 годов, с рейтингом IMDb не ниже 6.5, с композитором фильма «Унесённые призраками».","Name 3 actors who appeared in feature films, with genre ""action"", from 1990 to 2009, with IMDb rating at least 6.5, with the composer of ""Spirited Away""."
movie_l5_0179,L5,actor,6,3,8,,,,False,rating_min,False,False,co_actor_from_object,may_be_incomplete_due_to_wdqs,1.0,6.0,"Назови 3 актёров, которые снимались в полнометражных фильмов, жанра «драма», в период 2010–2020 годов, с рейтингом IMDb не ниже 7.5, вместе с актёром из «Матрица».","Name 3 actors who appeared in feature films, with genre ""drama"", from 2010 to 2020, with IMDb rating at least 7.5, with an actor from ""The Matrix""."
movie_l5_0180,L5,film,12,3,9,1990.0,2025.0,35.0,False,rating_max,False,True,production_company_from_object,not_truncated,,,"Назови 3 полнометражных фильмов, от одной из продюсерских компаний фильма «История игрушек», жанра «драма», в период 1990–2025 годов, с рейтингом IMDb не выше 6.0, длительностью 80–140 минут.","Name 3 feature films from one of the production companies of ""Toy Story"", with genre ""drama"", from 1990 to 2025, with IMDb rating at most 6.0, with runtime between 80 and 140 minutes."
movie_l5_0181,L5,film,3,3,9,1990.0,2025.0,35.0,False,rating_max,False,True,actor_from_object,not_truncated,,,"Назови 3 полнометражных фильмов, с актёром из «Бешеные псы», жанра «документальное кино», в период 1990–2025 годов, с рейтингом IMDb не выше 6.5, длительностью 80–140 минут.","Name 3 feature films with an actor from ""Reservoir Dogs"", with genre ""documentary"", from 1990 to 2025, with IMDb rating at most 6.5, with runtime between 80 and 140 minutes."
movie_l5_0182,L5,film,20,3,8,2000.0,2025.0,25.0,False,rating_max,False,True,production_company_from_object,not_truncated,,,"Назови 3 полнометражных фильмов, от одной из продюсерских компаний фильма «Инопланетянин», жанра «фильм ужасов», в период 2000–2025 годов, с рейтингом IMDb не выше 6.5, длительностью не более 120 минут.","Name 3 feature films from one of the production companies of ""E.T. the Extra-Terrestrial"", with genre ""horror"", from 2000 to 2025, with IMDb rating at most 6.5, with runtime at most 120 minutes."
movie_l5_0183,L5,film,3,3,9,2005.0,2025.0,20.0,False,rating_min,True,True,director_from_object,not_truncated,,,"Назови 3 полнометражных фильмов, с режиссёром фильма «Криминальное чтиво», жанра «драма», в период 2005–2025 годов, с рейтингом IMDb не ниже 8.0, с не менее чем 10000 голосами на IMDb, длительностью не менее 90 минут.","Name 3 feature films with the director of ""Pulp Fiction"", with genre ""drama"", from 2005 to 2025, with IMDb rating at least 8.0, with at least 10000 IMDb votes, with runtime at least 90 minutes."
movie_l5_0185,L5,actor,43,3,10,,,,False,rating_max,False,True,movie_production_company_from_object,may_be_incomplete_due_to_wdqs,8.0,6.0,"Назови 3 актёров, которые снимались в полнометражных фильмов, жанра «комедия», в период 1990–2009 годов, с рейтингом IMDb не выше 5.5, от одной из продюсерских компаний фильма «Матрица».","Name 3 actors who appeared in feature films, with genre ""comedy"", from 1990 to 2009, with IMDb rating at most 5.5, from one of the production companies of ""The Matrix""."
movie_l5_0186,L5,actor,36,3,8,,,,False,rating_max,False,False,movie_production_company_from_object,not_truncated,6.0,6.0,"Назови 3 актёров, которые снимались в полнометражных фильмов, жанра «фильм ужасов», в период 1980–1999 годов, с рейтингом IMDb не выше 6.5, от одной из продюсерских компаний фильма «Тёмный рыцарь».","Name 3 actors who appeared in feature films, with genre ""horror"", from 1980 to 1999, with IMDb rating at most 6.5, from one of the production companies of ""The Dark Knight""."
movie_l5_0187,L5,film,10,3,9,2015.0,2025.0,10.0,False,rating_max,False,True,actor_from_object,not_truncated,,,"Назови 3 полнометражных фильмов, с актёром из «Игра престолов», жанра «триллер», из страны: Германия, в период 2015–2025 годов, с рейтингом IMDb не выше 6.5, длительностью не менее 90 минут.","Name 3 feature films with an actor from ""Game of Thrones"", with genre ""thriller"", from country Germany, from 2015 to 2025, with IMDb rating at most 6.5, with runtime at least 90 minutes."
movie_l5_0189,L5,film,5,3,9,1990.0,2025.0,35.0,False,rating_max,False,True,production_company_from_object,not_truncated,,,"Назови 3 полнометражных фильмов, от одной из продюсерских компаний фильма «Криминальное чтиво», жанра «криминальный фильм», в период 1990–2025 годов, с рейтингом IMDb не выше 6.0, длительностью 80–140 минут.","Name 3 feature films from one of the production companies of ""Pulp Fiction"", with genre ""crime"", from 1990 to 2025, with IMDb rating at most 6.0, with runtime between 80 and 140 minutes."
movie_l5_0190,L5,actor,6,3,10,,,,False,rating_min,False,True,co_actor_from_object,not_truncated,1.0,6.0,"Назови 3 актёров, которые снимались в полнометражных фильмов, жанра «научная фантастика», в период 2000–2015 годов, с рейтингом IMDb не ниже 7.0, вместе с актёром из «Инопланетянин».","Name 3 actors who appeared in feature films, with genre ""sci-fi"", from 2000 to 2015, with IMDb rating at least 7.0, with an actor from ""E.T. the Extra-Terrestrial""."
movie_l5_0193,L5,film,7,3,9,1990.0,2025.0,35.0,False,rating_min,True,True,director_from_object,not_truncated,,,"Назови 3 полнометражных фильмов, с режиссёром фильма «Инопланетянин», жанра «драма», в период 1990–2025 годов, с рейтингом IMDb не ниже 6.5, с не менее чем 25000 голосами на IMDb, длительностью не более 150 минут.","Name 3 feature films with the director of ""E.T. the Extra-Terrestrial"", with genre ""drama"", from 1990 to 2025, with IMDb rating at least 6.5, with at least 25000 IMDb votes, with runtime at most 150 minutes."
movie_l5_0194,L5,film,6,3,8,2000.0,2025.0,25.0,False,rating_min,False,True,actor_from_object,not_truncated,,,"Назови 3 полнометражных фильмов, с актёром из «Бешеные псы», жанра «научная фантастика», в период 2000–2025 годов, с рейтингом IMDb не ниже 6.0, длительностью не менее 90 минут.","Name 3 feature films with an actor from ""Reservoir Dogs"", with genre ""sci-fi"", from 2000 to 2025, with IMDb rating at least 6.0, with runtime at least 90 minutes."
movie_l5_0195,L5,actor,45,3,8,,,,False,rating_min,False,False,co_actor_from_object,may_be_incomplete_due_to_wdqs,8.0,6.0,"Назови 3 актёров, которые снимались в полнометражных фильмов, жанра «документальное кино», в период 2000–2015 годов, с рейтингом IMDb не ниже 7.5, вместе с актёром из «Криминальное чтиво».","Name 3 actors who appeared in feature films, with genre ""documentary"", from 2000 to 2015, with IMDb rating at least 7.5, with an actor from ""Pulp Fiction""."
movie_l5_0196,L5,actor,6,3,9,,,,False,rating_min,True,False,co_actor_from_object,not_truncated,1.0,6.0,"Назови 3 актёров, которые снимались в полнометражных фильмов, жанра «комедия», в период 2015–2025 годов, с рейтингом IMDb не ниже 7.0, с не менее чем 50000 голосами на IMDb, вместе с актёром из «Матрица».","Name 3 actors who appeared in feature films, with genre ""comedy"", from 2015 to 2025, with IMDb rating at least 7.0, with at least 50000 IMDb votes, with an actor from ""The Matrix""."
movie_l5_0198,L5,film,9,3,8,2005.0,2025.0,20.0,False,rating_min,False,True,actor_from_object,not_truncated,,,"Назови 3 полнометражных фильмов, с актёром из «Крёстный отец», жанра «триллер», в период 2005–2025 годов, с рейтингом IMDb не ниже 6.0, длительностью не более 150 минут.","Name 3 feature films with an actor from ""The Godfather"", with genre ""thriller"", from 2005 to 2025, with IMDb rating at least 6.0, with runtime at most 150 minutes."
movie_l5_0199,L5,actor,6,3,8,,,,False,rating_max,False,False,co_actor_from_object,may_be_incomplete_due_to_wdqs,1.0,6.0,"Назови 3 актёров, которые снимались в полнометражных фильмов, жанра «драма», в период 2010–2020 годов, с рейтингом IMDb не выше 4.5, вместе с актёром из «Игра престолов».","Name 3 actors who appeared in feature films, with genre ""drama"", from 2010 to 2020, with IMDb rating at most 4.5, with an actor from ""Game of Thrones""."
movie_l5_0200,L5,film,6,3,10,2000.0,2025.0,25.0,False,rating_min,False,True,production_company_from_object,not_truncated,,,"Назови 3 полнометражных фильмов, от одной из продюсерских компаний фильма «Крёстный отец», жанра «боевик», из страны: Великобритания, в период 2000–2025 годов, с рейтингом IMDb не ниже 6.0, длительностью 90–160 минут.","Name 3 feature films from one of the production companies of ""The Godfather"", with genre ""action"", from country United Kingdom, from 2000 to 2025, with IMDb rating at least 6.0, with runtime between 90 and 160 minutes."
movie_l3_0201,L3,tv_series,21,5,5,2020.0,2025.0,5.0,False,rating_min,False,False,no_bridge,not_truncated,,,"Назови 5 сериалов, жанра «триллер», в период 2020–2025 годов, с рейтингом IMDb не ниже 7.0.","Name 5 TV series with genre ""thriller"", from 2020 to 2025, with IMDb rating at least 7.0."
movie_l3_0203,L3,animated_film,42,5,7,2010.0,2025.0,15.0,False,rating_max,True,False,no_bridge,not_truncated,,,"Назови 5 мультфильмов, жанра «комедия», в период 2010–2025 годов, с рейтингом IMDb не выше 6.0, с не менее чем 5000 голосами на IMDb.","Name 5 animated films with genre ""comedy"", from 2010 to 2025, with IMDb rating at most 6.0, with at least 5000 IMDb votes."
movie_l3_0204,L3,tv_series,41,5,5,2020.0,2025.0,5.0,False,rating_min,False,False,no_bridge,not_truncated,,,"Назови 5 сериалов, жанра «триллер», в период 2020–2025 годов, с рейтингом IMDb не ниже 6.0.","Name 5 TV series with genre ""thriller"", from 2020 to 2025, with IMDb rating at least 6.0."
movie_l3_0206,L3,animated_film,22,5,6,2020.0,2025.0,5.0,False,rating_min,False,False,no_bridge,not_truncated,,,"Назови 5 мультфильмов, жанра «научная фантастика», в период 2020–2025 годов, с рейтингом IMDb не ниже 6.5.","Name 5 animated films with genre ""sci-fi"", from 2020 to 2025, with IMDb rating at least 6.5."
movie_l3_0207,L3,tv_series,8,5,5,2010.0,2020.0,10.0,False,rating_min,False,False,no_bridge,not_truncated,,,"Назови 5 сериалов, жанра «боевик», в период 2010–2020 годов, с рейтингом IMDb не ниже 7.0.","Name 5 TV series with genre ""action"", from 2010 to 2020, with IMDb rating at least 7.0."
movie_l3_0208,L3,short_film,6,5,5,2014.0,2014.0,0.0,True,rating_min,False,False,no_bridge,not_truncated,,,"Назови 5 короткометражных фильмов, жанра «научная фантастика», в 2014 году, с рейтингом IMDb не ниже 7.0.","Name 5 short films with genre ""sci-fi"", in 2014, with IMDb rating at least 7.0."
movie_l3_0210,L3,film,45,5,7,2010.0,2025.0,15.0,False,rating_max,False,True,no_bridge,may_be_incomplete_due_to_wdqs,,,"Назови 5 полнометражных фильмов, жанра «боевик», в период 2010–2025 годов, с рейтингом IMDb не выше 6.0, длительностью не более 150 минут.","Name 5 feature films with genre ""action"", from 2010 to 2025, with IMDb rating at most 6.0, with runtime at most 150 minutes."
movie_l3_0211,L3,film,6,5,7,2010.0,2020.0,10.0,False,rating_max,True,False,no_bridge,may_be_incomplete_due_to_wdqs,,,"Назови 5 полнометражных фильмов, жанра «научная фантастика», в период 2010–2020 годов, с рейтингом IMDb не выше 5.0, с не менее чем 5000 голосами на IMDb.","Name 5 feature films with genre ""sci-fi"", from 2010 to 2020, with IMDb rating at most 5.0, with at least 5000 IMDb votes."
movie_l3_0212,L3,animated_film,8,5,6,2024.0,2024.0,0.0,True,rating_min,False,False,no_bridge,not_truncated,,,"Назови 5 мультфильмов, жанра «боевик», в 2024 году, с рейтингом IMDb не ниже 6.0.","Name 5 animated films with genre ""action"", in 2024, with IMDb rating at least 6.0."
movie_l3_0213,L3,animated_film,36,5,6,2020.0,2025.0,5.0,False,rating_min,False,False,no_bridge,not_truncated,,,"Назови 5 мультфильмов, жанра «боевик», в период 2020–2025 годов, с рейтингом IMDb не ниже 6.5.","Name 5 animated films with genre ""action"", from 2020 to 2025, with IMDb rating at least 6.5."
movie_l3_0214,L3,animated_film,17,5,8,2010.0,2025.0,15.0,False,rating_min,True,True,no_bridge,not_truncated,,,"Назови 5 мультфильмов, жанра «драма», в период 2010–2025 годов, с рейтингом IMDb не ниже 7.0, с не менее чем 10000 голосами на IMDb, длительностью не более 100 минут.","Name 5 animated films with genre ""drama"", from 2010 to 2025, with IMDb rating at least 7.0, with at least 10000 IMDb votes, with runtime at most 100 minutes."
movie_l3_0215,L3,film,18,5,6,2012.0,2022.0,10.0,False,rating_min,False,False,no_bridge,may_be_incomplete_due_to_wdqs,,,"Назови 5 полнометражных фильмов, жанра «криминальный фильм», в период 2012–2022 годов, с рейтингом IMDb не ниже 6.5.","Name 5 feature films with genre ""crime"", from 2012 to 2022, with IMDb rating at least 6.5."
movie_l3_0216,L3,film,25,5,6,2012.0,2022.0,10.0,False,rating_min,False,False,no_bridge,may_be_incomplete_due_to_wdqs,,,"Назови 5 полнометражных фильмов, жанра «документальное кино», в период 2012–2022 годов, с рейтингом IMDb не ниже 6.0.","Name 5 feature films with genre ""documentary"", from 2012 to 2022, with IMDb rating at least 6.0."
movie_l3_0218,L3,animated_film,48,5,7,2015.0,2025.0,10.0,False,rating_min,False,True,no_bridge,not_truncated,,,"Назови 5 мультфильмов, жанра «драма», в период 2015–2025 годов, с рейтингом IMDb не ниже 6.0, длительностью не более 90 минут.","Name 5 animated films with genre ""drama"", from 2015 to 2025, with IMDb rating at least 6.0, with runtime at most 90 minutes."
movie_l3_0219,L3,tv_series,6,5,5,2021.0,2024.0,3.0,False,rating_min,False,False,no_bridge,not_truncated,,,"Назови 5 сериалов, жанра «триллер», в период 2021–2024 годов, с рейтингом IMDb не ниже 7.5.","Name 5 TV series with genre ""thriller"", from 2021 to 2024, with IMDb rating at least 7.5."
movie_l4_0221,L4,film,4,3,7,2018.0,2025.0,7.0,False,rating_max,False,False,actor_from_object,not_truncated,,,"Назови 3 полнометражных фильмов, с актёром из «Бешеные псы», жанра «триллер», в период 2018–2025 годов, с рейтингом IMDb не выше 6.0.","Name 3 feature films with an actor from ""Reservoir Dogs"", with genre ""thriller"", from 2018 to 2025, with IMDb rating at most 6.0."
movie_l4_0222,L4,film,13,3,7,2012.0,2022.0,10.0,False,rating_min,False,False,actor_from_object,not_truncated,,,"Назови 3 полнометражных фильмов, с актёром из «Криминальное чтиво», жанра «научная фантастика», в период 2012–2022 годов, с рейтингом IMDb не ниже 6.5.","Name 3 feature films with an actor from ""Pulp Fiction"", with genre ""sci-fi"", from 2012 to 2022, with IMDb rating at least 6.5."
movie_l4_0223,L4,film,38,3,8,2012.0,2022.0,10.0,False,rating_min,True,False,production_company_from_object,not_truncated,,,"Назови 3 полнометражных фильмов, от одной из продюсерских компаний фильма «Тёмный рыцарь», жанра «боевик», в период 2012–2022 годов, с рейтингом IMDb не ниже 6.0, с не менее чем 3000 голосами на IMDb.","Name 3 feature films from one of the production companies of ""The Dark Knight"", with genre ""action"", from 2012 to 2022, with IMDb rating at least 6.0, with at least 3000 IMDb votes."
movie_l4_0224,L4,film,10,3,10,2018.0,2025.0,7.0,False,rating_min,True,True,actor_from_object,not_truncated,,,"Назови 3 полнометражных фильмов, с актёром из «Очень странные дела», жанра «драма», в период 2018–2025 годов, с рейтингом IMDb не ниже 7.0, с не менее чем 10000 голосами на IMDb, длительностью 90–180 минут.","Name 3 feature films with an actor from ""Stranger Things"", with genre ""drama"", from 2018 to 2025, with IMDb rating at least 7.0, with at least 10000 IMDb votes, with runtime between 90 and 180 minutes."
movie_l4_0225,L4,film,7,3,9,2010.0,2025.0,15.0,False,rating_min,False,True,actor_from_object,not_truncated,,,"Назови 3 полнометражных фильмов, с актёром из «Криминальное чтиво», жанра «триллер», в период 2010–2025 годов, с рейтингом IMDb не ниже 7.0, длительностью 60–180 минут.","Name 3 feature films with an actor from ""Pulp Fiction"", with genre ""thriller"", from 2010 to 2025, with IMDb rating at least 7.0, with runtime between 60 and 180 minutes."
movie_l4_0226,L4,film,9,3,7,2018.0,2025.0,7.0,False,rating_min,False,False,production_company_from_object,not_truncated,,,"Назови 3 полнометражных фильмов, от одной из продюсерских компаний фильма «Тёмный рыцарь», жанра «триллер», в период 2018–2025 годов, с рейтингом IMDb не ниже 6.0.","Name 3 feature films from one of the production companies of ""The Dark Knight"", with genre ""thriller"", from 2018 to 2025, with IMDb rating at least 6.0."
movie_l4_0227,L4,film,5,3,10,2010.0,2025.0,15.0,False,rating_min,True,True,actor_from_object,not_truncated,,,"Назови 3 полнометражных фильмов, с актёром из «Очень странные дела», жанра «боевик», в период 2010–2025 годов, с рейтингом IMDb не ниже 7.0, с не менее чем 10000 голосами на IMDb, длительностью 75–120 минут.","Name 3 feature films with an actor from ""Stranger Things"", with genre ""action"", from 2010 to 2025, with IMDb rating at least 7.0, with at least 10000 IMDb votes, with runtime between 75 and 120 minutes."
movie_l4_0228,L4,film,3,3,8,2015.0,2025.0,10.0,False,rating_min,True,False,production_company_from_object,not_truncated,,,"Назови 3 полнометражных фильмов, от одной из продюсерских компаний фильма «Инопланетянин», жанра «криминальный фильм», в период 2015–2025 годов, с рейтингом IMDb не ниже 6.0, с не менее чем 3000 голосами на IMDb.","Name 3 feature films from one of the production companies of ""E.T. the Extra-Terrestrial"", with genre ""crime"", from 2015 to 2025, with IMDb rating at least 6.0, with at least 3000 IMDb votes."
movie_l4_0229,L4,film,6,3,9,2018.0,2025.0,7.0,False,rating_max,False,True,actor_from_object,not_truncated,,,"Назови 3 полнометражных фильмов, с актёром из «Бешеные псы», жанра «боевик», в период 2018–2025 годов, с рейтингом IMDb не выше 5.5, длительностью 60–150 минут.","Name 3 feature films with an actor from ""Reservoir Dogs"", with genre ""action"", from 2018 to 2025, with IMDb rating at most 5.5, with runtime between 60 and 150 minutes."
movie_l4_0230,L4,film,13,3,7,2020.0,2025.0,5.0,False,rating_max,False,False,actor_from_object,not_truncated,,,"Назови 3 полнометражных фильмов, с актёром из «Тёмный рыцарь», жанра «триллер», в период 2020–2025 годов, с рейтингом IMDb не выше 5.5.","Name 3 feature films with an actor from ""The Dark Knight"", with genre ""thriller"", from 2020 to 2025, with IMDb rating at most 5.5."
movie_l4_0231,L4,film,10,3,7,2015.0,2025.0,10.0,False,rating_min,False,False,actor_from_object,not_truncated,,,"Назови 3 полнометражных фильмов, с актёром из «Матрица», жанра «боевик», в период 2015–2025 годов, с рейтингом IMDb не ниже 6.0.","Name 3 feature films with an actor from ""The Matrix"", with genre ""action"", from 2015 to 2025, with IMDb rating at least 6.0."
movie_l4_0232,L4,film,6,3,7,2020.0,2025.0,5.0,False,rating_max,False,False,actor_from_object,not_truncated,,,"Назови 3 полнометражных фильмов, с актёром из «Игра престолов», жанра «триллер», в период 2020–2025 годов, с рейтингом IMDb не выше 4.5.","Name 3 feature films with an actor from ""Game of Thrones"", with genre ""thriller"", from 2020 to 2025, with IMDb rating at most 4.5."
movie_l4_0233,L4,film,3,3,7,2010.0,2020.0,10.0,False,rating_min,False,False,actor_from_object,not_truncated,,,"Назови 3 полнометражных фильмов, с актёром из «Парк юрского периода», жанра «фильм ужасов», в период 2010–2020 годов, с рейтингом IMDb не ниже 6.5.","Name 3 feature films with an actor from ""Jurassic Park"", with genre ""horror"", from 2010 to 2020, with IMDb rating at least 6.5."
movie_l4_0234,L4,film,4,3,7,2018.0,2025.0,7.0,False,rating_min,False,False,production_company_from_object,not_truncated,,,"Назови 3 полнометражных фильмов, от одной из продюсерских компаний фильма «Крёстный отец», жанра «драма», в период 2018–2025 годов, с рейтингом IMDb не ниже 6.5.","Name 3 feature films from one of the production companies of ""The Godfather"", with genre ""drama"", from 2018 to 2025, with IMDb rating at least 6.5."
movie_l4_0235,L4,film,30,3,7,2015.0,2025.0,10.0,False,rating_min,False,False,production_company_from_object,not_truncated,,,"Назови 3 полнометражных фильмов, от одной из продюсерских компаний фильма «Матрица», жанра «драма», в период 2015–2025 годов, с рейтингом IMDb не ниже 6.0.","Name 3 feature films from one of the production companies of ""The Matrix"", with genre ""drama"", from 2015 to 2025, with IMDb rating at least 6.0."
movie_l4_0236,L4,film,44,3,10,2010.0,2020.0,10.0,False,rating_min,True,True,production_company_from_object,not_truncated,,,"Назови 3 полнометражных фильмов, от одной из продюсерских компаний фильма «Матрица», жанра «драма», в период 2010–2020 годов, с рейтингом IMDb не ниже 6.5, с не менее чем 1000 голосами на IMDb, длительностью 60–150 минут.","Name 3 feature films from one of the production companies of ""The Matrix"", with genre ""drama"", from 2010 to 2020, with IMDb rating at least 6.5, with at least 1000 IMDb votes, with runtime between 60 and 150 minutes."
movie_l4_0237,L4,film,7,3,7,2018.0,2018.0,0.0,True,rating_min,False,False,actor_from_object,not_truncated,,,"Назови 3 полнометражных фильмов, с актёром из «Игра престолов», жанра «триллер», в 2018 году, с рейтингом IMDb не ниже 6.0.","Name 3 feature films with an actor from ""Game of Thrones"", with genre ""thriller"", in 2018, with IMDb rating at least 6.0."
movie_l4_0238,L4,film,14,3,7,2015.0,2025.0,10.0,False,rating_min,False,False,actor_from_object,not_truncated,,,"Назови 3 полнометражных фильмов, с актёром из «Тёмный рыцарь», жанра «боевик», в период 2015–2025 годов, с рейтингом IMDb не ниже 6.5.","Name 3 feature films with an actor from ""The Dark Knight"", with genre ""action"", from 2015 to 2025, with IMDb rating at least 6.5."
movie_l4_0239,L4,film,5,3,7,2012.0,2022.0,10.0,False,rating_min,False,False,actor_from_object,not_truncated,,,"Назови 3 полнометражных фильмов, с актёром из «Очень странные дела», жанра «фильм ужасов», в период 2012–2022 годов, с рейтингом IMDb не ниже 6.5.","Name 3 feature films with an actor from ""Stranger Things"", with genre ""horror"", from 2012 to 2022, with IMDb rating at least 6.5."
movie_l4_0240,L4,film,5,3,8,2010.0,2020.0,10.0,False,rating_min,True,False,actor_from_object,not_truncated,,,"Назови 3 полнометражных фильмов, с актёром из «Во все тяжкие», жанра «боевик», в период 2010–2020 годов, с рейтингом IMDb не ниже 6.0, с не менее чем 1000 голосами на IMDb.","Name 3 feature films with an actor from ""Breaking Bad"", with genre ""action"", from 2010 to 2020, with IMDb rating at least 6.0, with at least 1000 IMDb votes."
movie_l4_0242,L4,film,3,3,7,2012.0,2022.0,10.0,False,rating_min,False,False,production_company_from_object,not_truncated,,,"Назови 3 полнометражных фильмов, от одной из продюсерских компаний фильма «Криминальное чтиво», жанра «боевик», в период 2012–2022 годов, с рейтингом IMDb не ниже 6.5.","Name 3 feature films from one of the production companies of ""Pulp Fiction"", with genre ""action"", from 2012 to 2022, with IMDb rating at least 6.5."
movie_l4_0243,L4,film,3,3,7,2010.0,2020.0,10.0,False,rating_min,False,False,production_company_from_object,not_truncated,,,"Назови 3 полнометражных фильмов, от одной из продюсерских компаний фильма «Инопланетянин», жанра «документальное кино», в период 2010–2020 годов, с рейтингом IMDb не ниже 6.0.","Name 3 feature films from one of the production companies of ""E.T. the Extra-Terrestrial"", with genre ""documentary"", from 2010 to 2020, with IMDb rating at least 6.0."
movie_l4_0244,L4,film,6,3,7,2014.0,2014.0,0.0,True,rating_min,False,False,actor_from_object,not_truncated,,,"Назови 3 полнометражных фильмов, с актёром из «Тёмный рыцарь», жанра «боевик», в 2014 году, с рейтингом IMDb не ниже 6.0.","Name 3 feature films with an actor from ""The Dark Knight"", with genre ""action"", in 2014, with IMDb rating at least 6.0."
movie_l4_0245,L4,film,5,3,7,2010.0,2025.0,15.0,False,rating_min,False,False,actor_from_object,not_truncated,,,"Назови 3 полнометражных фильмов, с актёром из «Друзья», жанра «криминальный фильм», в период 2010–2025 годов, с рейтингом IMDb не ниже 6.5.","Name 3 feature films with an actor from ""Friends"", with genre ""crime"", from 2010 to 2025, with IMDb rating at least 6.5."
movie_l4_0246,L4,film,3,3,8,2020.0,2020.0,0.0,True,rating_min,True,False,actor_from_object,not_truncated,,,"Назови 3 полнометражных фильмов, с актёром из «Тёмный рыцарь», жанра «драма», в 2020 году, с рейтингом IMDb не ниже 6.0, с не менее чем 10000 голосами на IMDb.","Name 3 feature films with an actor from ""The Dark Knight"", with genre ""drama"", in 2020, with IMDb rating at least 6.0, with at least 10000 IMDb votes."
movie_l4_0247,L4,film,3,3,7,2020.0,2025.0,5.0,False,rating_max,False,False,actor_from_object,not_truncated,,,"Назови 3 полнометражных фильмов, с актёром из «Игра престолов», жанра «фильм ужасов», в период 2020–2025 годов, с рейтингом IMDb не выше 4.5.","Name 3 feature films with an actor from ""Game of Thrones"", with genre ""horror"", from 2020 to 2025, with IMDb rating at most 4.5."
movie_l4_0248,L4,animated_film,4,3,7,2012.0,2022.0,10.0,False,rating_min,False,False,production_company_from_object,not_truncated,,,"Назови 3 мультфильмов, от одной из продюсерских компаний фильма «История игрушек», жанра «драма», в период 2012–2022 годов, с рейтингом IMDb не ниже 6.5.","Name 3 animated films from one of the production companies of ""Toy Story"", with genre ""drama"", from 2012 to 2022, with IMDb rating at least 6.5."
movie_l4_0249,L4,film,6,3,8,2010.0,2020.0,10.0,False,rating_min,True,False,production_company_from_object,not_truncated,,,"Назови 3 полнометражных фильмов, от одной из продюсерских компаний фильма «Матрица», жанра «триллер», в период 2010–2020 годов, с рейтингом IMDb не ниже 7.5, с не менее чем 25000 голосами на IMDb.","Name 3 feature films from one of the production companies of ""The Matrix"", with genre ""thriller"", from 2010 to 2020, with IMDb rating at least 7.5, with at least 25000 IMDb votes."
movie_l4_0250,L4,film,19,3,7,2010.0,2025.0,15.0,False,rating_min,False,False,production_company_from_object,not_truncated,,,"Назови 3 полнометражных фильмов, от одной из продюсерских компаний фильма «Крёстный отец», жанра «триллер», в период 2010–2025 годов, с рейтингом IMDb не ниже 6.0.","Name 3 feature films from one of the production companies of ""The Godfather"", with genre ""thriller"", from 2010 to 2025, with IMDb rating at least 6.0."
movie_l5_0251,L5,film,3,3,8,2021.0,2024.0,3.0,False,rating_min,True,False,actor_from_object,not_truncated,,,"Назови 3 полнометражных фильмов, с актёром из «Друзья», жанра «боевик», в период 2021–2024 годов, с рейтингом IMDb не ниже 6.0, с не менее чем 10000 голосами на IMDb.","Name 3 feature films with an actor from ""Friends"", with genre ""action"", from 2021 to 2024, with IMDb rating at least 6.0, with at least 10000 IMDb votes."
movie_l5_0252,L5,film,5,3,9,2012.0,2022.0,10.0,False,rating_min,False,True,production_company_from_object,not_truncated,,,"Назови 3 полнометражных фильмов, от одной из продюсерских компаний фильма «Инопланетянин», жанра «триллер», в период 2012–2022 годов, с рейтингом IMDb не ниже 7.0, длительностью 75–150 минут.","Name 3 feature films from one of the production companies of ""E.T. the Extra-Terrestrial"", with genre ""thriller"", from 2012 to 2022, with IMDb rating at least 7.0, with runtime between 75 and 150 minutes."
movie_l5_0253,L5,film,3,3,8,2016.0,2016.0,0.0,True,rating_min,True,False,actor_from_object,not_truncated,,,"Назови 3 полнометражных фильмов, с актёром из «Парк юрского периода», жанра «драма», в 2016 году, с рейтингом IMDb не ниже 6.0, с не менее чем 10000 голосами на IMDb.","Name 3 feature films with an actor from ""Jurassic Park"", with genre ""drama"", in 2016, with IMDb rating at least 6.0, with at least 10000 IMDb votes."
movie_l5_0254,L5,film,13,3,8,2010.0,2025.0,15.0,False,rating_min,True,False,production_company_from_object,not_truncated,,,"Назови 3 полнометражных фильмов, от одной из продюсерских компаний фильма «ВАЛЛ-И», жанра «драма», в период 2010–2025 годов, с рейтингом IMDb не ниже 7.0, с не менее чем 10000 голосами на IMDb.","Name 3 feature films from one of the production companies of ""WALL-E"", with genre ""drama"", from 2010 to 2025, with IMDb rating at least 7.0, with at least 10000 IMDb votes."
movie_l5_0255,L5,film,14,3,7,2010.0,2025.0,15.0,False,rating_max,False,False,actor_from_object,not_truncated,,,"Назови 3 полнометражных фильмов, с актёром из «Тёмный рыцарь», жанра «криминальный фильм», в период 2010–2025 годов, с рейтингом IMDb не выше 6.0.","Name 3 feature films with an actor from ""The Dark Knight"", with genre ""crime"", from 2010 to 2025, with IMDb rating at most 6.0."
movie_l5_0256,L5,film,4,3,7,2010.0,2025.0,15.0,False,rating_max,False,False,production_company_from_object,not_truncated,,,"Назови 3 полнометражных фильмов, от одной из продюсерских компаний фильма «Тёмный рыцарь», жанра «фильм ужасов», в период 2010–2025 годов, с рейтингом IMDb не выше 5.5.","Name 3 feature films from one of the production companies of ""The Dark Knight"", with genre ""horror"", from 2010 to 2025, with IMDb rating at most 5.5."
movie_l5_0257,L5,film,3,3,9,2012.0,2022.0,10.0,False,rating_max,False,True,actor_from_object,not_truncated,,,"Назови 3 полнометражных фильмов, с актёром из «Тёмный рыцарь», жанра «драма», в период 2012–2022 годов, с рейтингом IMDb не выше 4.5, длительностью 75–180 минут.","Name 3 feature films with an actor from ""The Dark Knight"", with genre ""drama"", from 2012 to 2022, with IMDb rating at most 4.5, with runtime between 75 and 180 minutes."
movie_l5_0258,L5,film,7,3,9,2010.0,2020.0,10.0,False,rating_min,True,False,actor_from_object,not_truncated,,,"Назови 3 полнометражных фильмов, с актёром из «Игра престолов», жанра «боевик», из страны: France, в период 2010–2020 годов, с рейтингом IMDb не ниже 6.0, с не менее чем 1000 голосами на IMDb.","Name 3 feature films with an actor from ""Game of Thrones"", with genre ""action"", from country France, from 2010 to 2020, with IMDb rating at least 6.0, with at least 1000 IMDb votes."
movie_l5_0259,L5,film,11,3,8,2012.0,2022.0,10.0,False,rating_min,True,False,actor_from_object,not_truncated,,,"Назови 3 полнометражных фильмов, с актёром из «Криминальное чтиво», жанра «триллер», в период 2012–2022 годов, с рейтингом IMDb не ниже 6.5, с не менее чем 5000 голосами на IMDb.","Name 3 feature films with an actor from ""Pulp Fiction"", with genre ""thriller"", from 2012 to 2022, with IMDb rating at least 6.5, with at least 5000 IMDb votes."
movie_l5_0260,L5,film,4,3,8,2012.0,2022.0,10.0,False,rating_max,True,False,production_company_from_object,not_truncated,,,"Назови 3 полнометражных фильмов, от одной из продюсерских компаний фильма «Инопланетянин», жанра «триллер», в период 2012–2022 годов, с рейтингом IMDb не выше 5.5, с не менее чем 5000 голосами на IMDb.","Name 3 feature films from one of the production companies of ""E.T. the Extra-Terrestrial"", with genre ""thriller"", from 2012 to 2022, with IMDb rating at most 5.5, with at least 5000 IMDb votes."
movie_l5_0261,L5,film,5,3,8,2010.0,2020.0,10.0,False,rating_min,True,False,production_company_from_object,not_truncated,,,"Назови 3 полнометражных фильмов, от одной из продюсерских компаний фильма «ВАЛЛ-И», жанра «драма», в период 2010–2020 годов, с рейтингом IMDb не ниже 7.5, с не менее чем 3000 голосами на IMDb.","Name 3 feature films from one of the production companies of ""WALL-E"", with genre ""drama"", from 2010 to 2020, with IMDb rating at least 7.5, with at least 3000 IMDb votes."
movie_l5_0262,L5,film,18,3,7,2018.0,2025.0,7.0,False,rating_min,False,False,actor_from_object,not_truncated,,,"Назови 3 полнометражных фильмов, с актёром из «Криминальное чтиво», жанра «драма», в период 2018–2025 годов, с рейтингом IMDb не ниже 6.5.","Name 3 feature films with an actor from ""Pulp Fiction"", with genre ""drama"", from 2018 to 2025, with IMDb rating at least 6.5."
movie_l5_0263,L5,film,15,3,7,2018.0,2025.0,7.0,False,rating_min,False,False,production_company_from_object,not_truncated,,,"Назови 3 полнометражных фильмов, от одной из продюсерских компаний фильма «Крёстный отец», жанра «боевик», в период 2018–2025 годов, с рейтингом IMDb не ниже 6.0.","Name 3 feature films from one of the production companies of ""The Godfather"", with genre ""action"", from 2018 to 2025, with IMDb rating at least 6.0."
movie_l5_0264,L5,film,3,3,8,2012.0,2022.0,10.0,False,rating_min,True,False,production_company_from_object,not_truncated,,,"Назови 3 полнометражных фильмов, от одной из продюсерских компаний фильма «Криминальное чтиво», жанра «боевик», в период 2012–2022 годов, с рейтингом IMDb не ниже 6.5, с не менее чем 50000 голосами на IMDb.","Name 3 feature films from one of the production companies of ""Pulp Fiction"", with genre ""action"", from 2012 to 2022, with IMDb rating at least 6.5, with at least 50000 IMDb votes."
movie_l5_0265,L5,film,10,3,10,2012.0,2022.0,10.0,False,rating_max,True,True,production_company_from_object,not_truncated,,,"Назови 3 полнометражных фильмов, от одной из продюсерских компаний фильма «Инопланетянин», жанра «боевик», в период 2012–2022 годов, с рейтингом IMDb не выше 6.0, с не менее чем 50000 голосами на IMDb, длительностью 60–180 минут.","Name 3 feature films from one of the production companies of ""E.T. the Extra-Terrestrial"", with genre ""action"", from 2012 to 2022, with IMDb rating at most 6.0, with at least 50000 IMDb votes, with runtime between 60 and 180 minutes."
movie_l5_0266,L5,film,7,3,9,2018.0,2025.0,7.0,False,rating_min,False,True,actor_from_object,not_truncated,,,"Назови 3 полнометражных фильмов, с актёром из «Очень странные дела», жанра «комедия», в период 2018–2025 годов, с рейтингом IMDb не ниже 6.5, длительностью 75–180 минут.","Name 3 feature films with an actor from ""Stranger Things"", with genre ""comedy"", from 2018 to 2025, with IMDb rating at least 6.5, with runtime between 75 and 180 minutes."
movie_l5_0267,L5,film,12,3,8,2010.0,2025.0,15.0,False,rating_min,True,False,actor_from_object,not_truncated,,,"Назови 3 полнометражных фильмов, с актёром из «Тёмный рыцарь», жанра «комедия», в период 2010–2025 годов, с рейтингом IMDb не ниже 6.5, с не менее чем 3000 голосами на IMDb.","Name 3 feature films with an actor from ""The Dark Knight"", with genre ""comedy"", from 2010 to 2025, with IMDb rating at least 6.5, with at least 3000 IMDb votes."
movie_l5_0268,L5,film,6,3,9,2015.0,2025.0,10.0,False,rating_min,False,True,production_company_from_object,not_truncated,,,"Назови 3 полнометражных фильмов, от одной из продюсерских компаний фильма «Тёмный рыцарь», жанра «научная фантастика», в период 2015–2025 годов, с рейтингом IMDb не ниже 6.0, длительностью 60–120 минут.","Name 3 feature films from one of the production companies of ""The Dark Knight"", with genre ""sci-fi"", from 2015 to 2025, with IMDb rating at least 6.0, with runtime between 60 and 120 minutes."
movie_l5_0269,L5,film,4,3,7,2023.0,2023.0,0.0,True,rating_min,False,False,production_company_from_object,not_truncated,,,"Назови 3 полнометражных фильмов, от одной из продюсерских компаний фильма «Крёстный отец», жанра «боевик», в 2023 году, с рейтингом IMDb не ниже 6.0.","Name 3 feature films from one of the production companies of ""The Godfather"", with genre ""action"", in 2023, with IMDb rating at least 6.0."
movie_l5_0270,L5,film,23,3,7,2020.0,2025.0,5.0,False,rating_min,False,False,actor_from_object,not_truncated,,,"Назови 3 полнометражных фильмов, с актёром из «Игра престолов», жанра «комедия», в период 2020–2025 годов, с рейтингом IMDb не ниже 6.0.","Name 3 feature films with an actor from ""Game of Thrones"", with genre ""comedy"", from 2020 to 2025, with IMDb rating at least 6.0."
movie_l5_0271,L5,film,17,3,7,2012.0,2022.0,10.0,False,rating_min,False,False,production_company_from_object,not_truncated,,,"Назови 3 полнометражных фильмов, от одной из продюсерских компаний фильма «Инопланетянин», жанра «драма», в период 2012–2022 годов, с рейтингом IMDb не ниже 6.5.","Name 3 feature films from one of the production companies of ""E.T. the Extra-Terrestrial"", with genre ""drama"", from 2012 to 2022, with IMDb rating at least 6.5."
movie_l5_0272,L5,film,3,3,7,2010.0,2020.0,10.0,False,rating_min,False,False,actor_from_object,not_truncated,,,"Назови 3 полнометражных фильмов, с актёром из «Бешеные псы», жанра «научная фантастика», в период 2010–2020 годов, с рейтингом IMDb не ниже 6.0.","Name 3 feature films with an actor from ""Reservoir Dogs"", with genre ""sci-fi"", from 2010 to 2020, with IMDb rating at least 6.0."
movie_l5_0273,L5,film,3,3,10,2015.0,2025.0,10.0,False,rating_min,True,True,actor_from_object,not_truncated,,,"Назови 3 полнометражных фильмов, с актёром из «Инопланетянин», жанра «драма», в период 2015–2025 годов, с рейтингом IMDb не ниже 6.0, с не менее чем 1000 голосами на IMDb, длительностью 90–180 минут.","Name 3 feature films with an actor from ""E.T. the Extra-Terrestrial"", with genre ""drama"", from 2015 to 2025, with IMDb rating at least 6.0, with at least 1000 IMDb votes, with runtime between 90 and 180 minutes."
movie_l5_0274,L5,film,3,3,7,2018.0,2025.0,7.0,False,rating_max,False,False,actor_from_object,not_truncated,,,"Назови 3 полнометражных фильмов, с актёром из «Игра престолов», жанра «драма», в период 2018–2025 годов, с рейтингом IMDb не выше 4.5.","Name 3 feature films with an actor from ""Game of Thrones"", with genre ""drama"", from 2018 to 2025, with IMDb rating at most 4.5."
movie_l5_0275,L5,film,7,3,10,2010.0,2025.0,15.0,False,rating_min,True,True,production_company_from_object,not_truncated,,,"Назови 3 полнометражных фильмов, от одной из продюсерских компаний фильма «Тёмный рыцарь», жанра «драма», в период 2010–2025 годов, с рейтингом IMDb не ниже 7.0, с не менее чем 10000 голосами на IMDb, длительностью 75–120 минут.","Name 3 feature films from one of the production companies of ""The Dark Knight"", with genre ""drama"", from 2010 to 2025, with IMDb rating at least 7.0, with at least 10000 IMDb votes, with runtime between 75 and 120 minutes."
